--
-- PostgreSQL database dump
--

\restrict dMhOJYzuwvEtyW5CGc6bAxgIQD1DiCoHTjSp1k0PAGhKOiWDZReMbzcMbSgWg9n

-- Dumped from database version 16.12
-- Dumped by pg_dump version 16.12

SET statement_timeout = 0;
SET lock_timeout = 0;
SET idle_in_transaction_session_timeout = 0;
SET client_encoding = 'UTF8';
SET standard_conforming_strings = on;
SELECT pg_catalog.set_config('search_path', '', false);
SET check_function_bodies = false;
SET xmloption = content;
SET client_min_messages = warning;
SET row_security = off;

--
-- Data for Name: users; Type: TABLE DATA; Schema: public; Owner: postgres
--

INSERT INTO public.users (id, address, application_id, bio, cin, city, created_at, date_of_birth, email, english_level, first_name, is_active, last_name, password, phone, postal_code, profile_completed, profile_photo, registration_fee_paid, role, updated_at, years_of_experience, must_change_password) VALUES (1, 'Riadh Landalos', NULL, 'Je suis un Admin', '145168700', 'Tunisie', '2026-04-14 16:32:04.105269', '2003-01-25', 'khalilabdelmoumen7@gmail.com', 'C1', 'Khalil', true, 'Abdelmoumen', '', '+2165453042', '2083', true, '/uploads/profile-photos/548791b3-c534-4bd0-9e42-b5034686369e.jpg', false, 'STUDENT', '2026-05-06 00:41:45.393188', NULL, false);
INSERT INTO public.users (id, address, application_id, bio, cin, city, created_at, date_of_birth, email, english_level, first_name, is_active, last_name, password, phone, postal_code, profile_completed, profile_photo, registration_fee_paid, role, updated_at, years_of_experience, must_change_password) VALUES (24, '45 Boulevard Zerktouni', NULL, 'Directeur général d''EnglishFlow avec 15 ans d''expérience dans l''éducation', 'AB234567', 'Casablanca', '2026-04-17 12:56:21.495878', '1985-03-15', 'admin@englishflow.com', NULL, 'Youssef', true, 'Bennani', '$2a$10$N9qo8uLOickgx2ZMRZoMyeIjZAgcfl7p92ldGxad68LJZdL17lhkO', '+212661234567', '20000', true, NULL, false, 'ADMIN', '2026-04-17 12:56:21.495878', NULL, false);
INSERT INTO public.users (id, address, application_id, bio, cin, city, created_at, date_of_birth, email, english_level, first_name, is_active, last_name, password, phone, postal_code, profile_completed, profile_photo, registration_fee_paid, role, updated_at, years_of_experience, must_change_password) VALUES (25, '12 Rue Abdelmoumen', NULL, 'Responsable technique et innovation pédagogique', 'AB234568', 'Casablanca', '2026-04-17 12:56:21.495878', '1988-07-22', 'admin.tech@englishflow.com', NULL, 'Sarah', true, 'El Amrani', '$2a$10$N9qo8uLOickgx2ZMRZoMyeIjZAgcfl7p92ldGxad68LJZdL17lhkO', '+212662345678', '20100', true, NULL, false, 'ADMIN', '2026-04-17 12:56:21.495878', NULL, false);
INSERT INTO public.users (id, address, application_id, bio, cin, city, created_at, date_of_birth, email, english_level, first_name, is_active, last_name, password, phone, postal_code, profile_completed, profile_photo, registration_fee_paid, role, updated_at, years_of_experience, must_change_password) VALUES (26, '78 Avenue Hassan II', NULL, 'Coordinatrice académique, gestion des programmes et suivi pédagogique', 'AB234569', 'Rabat', '2026-04-17 12:56:21.495878', '1990-05-10', 'academic@englishflow.com', NULL, 'Fatima', true, 'Alaoui', '$2a$10$N9qo8uLOickgx2ZMRZoMyeIjZAgcfl7p92ldGxad68LJZdL17lhkO', '+212663456789', '10000', true, NULL, false, 'ACADEMIC_OFFICE_AFFAIR', '2026-04-17 12:56:21.495878', NULL, false);
INSERT INTO public.users (id, address, application_id, bio, cin, city, created_at, date_of_birth, email, english_level, first_name, is_active, last_name, password, phone, postal_code, profile_completed, profile_photo, registration_fee_paid, role, updated_at, years_of_experience, must_change_password) VALUES (27, '23 Rue Mohammed V', NULL, 'Assistant académique, organisation des examens et certifications', 'AB234570', 'Rabat', '2026-04-17 12:56:21.495878', '1992-11-18', 'academic.support@englishflow.com', NULL, 'Mehdi', true, 'Tazi', '$2a$10$N9qo8uLOickgx2ZMRZoMyeIjZAgcfl7p92ldGxad68LJZdL17lhkO', '+212664567890', '10010', true, NULL, false, 'ACADEMIC_OFFICE_AFFAIR', '2026-04-17 12:56:21.495878', NULL, false);
INSERT INTO public.users (id, address, application_id, bio, cin, city, created_at, date_of_birth, email, english_level, first_name, is_active, last_name, password, phone, postal_code, profile_completed, profile_photo, registration_fee_paid, role, updated_at, years_of_experience, must_change_password) VALUES (28, '156 Boulevard Anfa', NULL, 'Professeur natif britannique, spécialiste IELTS et Cambridge. Passionné par l''enseignement communicatif', 'AB234571', 'Casablanca', '2026-04-17 12:56:21.495878', '1985-02-14', 'james.wilson@englishflow.com', 'C2', 'James', true, 'Wilson', '$2a$10$N9qo8uLOickgx2ZMRZoMyeIjZAgcfl7p92ldGxad68LJZdL17lhkO', '+212665678901', '20050', true, NULL, false, 'TUTOR', '2026-04-17 12:56:21.495878', 12, false);
INSERT INTO public.users (id, address, application_id, bio, cin, city, created_at, date_of_birth, email, english_level, first_name, is_active, last_name, password, phone, postal_code, profile_completed, profile_photo, registration_fee_paid, role, updated_at, years_of_experience, must_change_password) VALUES (5, 'Riadh Landalos', NULL, 'Je suis un compte Academic ', '15656723', 'Tunisie', '2026-04-14 17:19:03.264809', '2003-01-25', 'jungleinenglish.platform@gmail.com', 'A1', 'Jungle ', true, 'English', '', '+21655555555', '2080', true, '/uploads/profile-photos/6a757c10-7cc6-4ef6-b671-442277ff07be.jpg', false, 'ACADEMIC_OFFICE_AFFAIR', '2026-04-15 15:27:15.685264', NULL, false);
INSERT INTO public.users (id, address, application_id, bio, cin, city, created_at, date_of_birth, email, english_level, first_name, is_active, last_name, password, phone, postal_code, profile_completed, profile_photo, registration_fee_paid, role, updated_at, years_of_experience, must_change_password) VALUES (29, '89 Rue de la Liberté', NULL, 'Enseignante américaine certifiée TEFL, experte en Business English et préparation TOEFL', 'AB234572', 'Casablanca', '2026-04-17 12:56:21.495878', '1990-08-25', 'emily.brown@englishflow.com', 'C2', 'Emily', true, 'Brown', '$2a$10$N9qo8uLOickgx2ZMRZoMyeIjZAgcfl7p92ldGxad68LJZdL17lhkO', '+212666789012', '20070', true, NULL, false, 'TUTOR', '2026-04-17 12:56:21.495878', 8, false);
INSERT INTO public.users (id, address, application_id, bio, cin, city, created_at, date_of_birth, email, english_level, first_name, is_active, last_name, password, phone, postal_code, profile_completed, profile_photo, registration_fee_paid, role, updated_at, years_of_experience, must_change_password) VALUES (30, '34 Avenue des FAR', NULL, 'Professeur bilingue marocain, master en linguistique appliquée. Spécialiste grammaire et phonétique', 'AB234573', 'Rabat', '2026-04-17 12:56:21.495878', '1987-12-05', 'karim.idrissi@englishflow.com', 'C2', 'Karim', true, 'Idrissi', '$2a$10$N9qo8uLOickgx2ZMRZoMyeIjZAgcfl7p92ldGxad68LJZdL17lhkO', '+212667890123', '10020', true, NULL, false, 'TUTOR', '2026-04-17 12:56:21.495878', 10, false);
INSERT INTO public.users (id, address, application_id, bio, cin, city, created_at, date_of_birth, email, english_level, first_name, is_active, last_name, password, phone, postal_code, profile_completed, profile_photo, registration_fee_paid, role, updated_at, years_of_experience, must_change_password) VALUES (31, '67 Rue Allal Ben Abdellah', NULL, 'Enseignante canadienne, spécialisée en anglais pour enfants et adolescents. Méthodes ludiques', 'AB234574', 'Fès', '2026-04-17 12:56:21.495878', '1993-04-30', 'sophia.martin@englishflow.com', 'C2', 'Sophia', true, 'Martin', '$2a$10$N9qo8uLOickgx2ZMRZoMyeIjZAgcfl7p92ldGxad68LJZdL17lhkO', '+212668901234', '30000', true, NULL, false, 'TUTOR', '2026-04-17 12:56:21.495878', 6, false);
INSERT INTO public.users (id, address, application_id, bio, cin, city, created_at, date_of_birth, email, english_level, first_name, is_active, last_name, password, phone, postal_code, profile_completed, profile_photo, registration_fee_paid, role, updated_at, years_of_experience, must_change_password) VALUES (32, '145 Boulevard Mohammed VI', NULL, 'Professeur expérimenté en anglais académique et préparation aux études supérieures', 'AB234575', 'Marrakech', '2026-04-17 12:56:21.495878', '1989-09-12', 'omar.fassi@englishflow.com', 'C2', 'Omar', true, 'Fassi', '$2a$10$N9qo8uLOickgx2ZMRZoMyeIjZAgcfl7p92ldGxad68LJZdL17lhkO', '+212669012345', '40000', true, NULL, false, 'TUTOR', '2026-04-17 12:56:21.495878', 9, false);
INSERT INTO public.users (id, address, application_id, bio, cin, city, created_at, date_of_birth, email, english_level, first_name, is_active, last_name, password, phone, postal_code, profile_completed, profile_photo, registration_fee_paid, role, updated_at, years_of_experience, must_change_password) VALUES (33, '12 Rue Ibn Khaldoun', NULL, 'Étudiant en commerce international, souhaite améliorer mon anglais pour ma carrière', 'AB234576', 'Casablanca', '2026-04-17 12:56:21.495878', '2002-01-20', 'amine.benali@gmail.com', 'A2', 'Amine', true, 'Benali', '$2a$10$N9qo8uLOickgx2ZMRZoMyeIjZAgcfl7p92ldGxad68LJZdL17lhkO', '+212670123456', '20200', true, NULL, false, 'STUDENT', '2026-04-17 12:56:21.495878', NULL, false);
INSERT INTO public.users (id, address, application_id, bio, cin, city, created_at, date_of_birth, email, english_level, first_name, is_active, last_name, password, phone, postal_code, profile_completed, profile_photo, registration_fee_paid, role, updated_at, years_of_experience, must_change_password) VALUES (34, '28 Avenue Mers Sultan', NULL, 'Passionnée par les langues, je débute en anglais et j''adore la culture anglophone', 'AB234577', 'Casablanca', '2026-04-17 12:56:21.495878', '2003-05-15', 'salma.chakir@gmail.com', 'A1', 'Salma', true, 'Chakir', '$2a$10$N9qo8uLOickgx2ZMRZoMyeIjZAgcfl7p92ldGxad68LJZdL17lhkO', '+212671234567', '20250', true, NULL, false, 'STUDENT', '2026-04-17 12:56:21.495878', NULL, false);
INSERT INTO public.users (id, address, application_id, bio, cin, city, created_at, date_of_birth, email, english_level, first_name, is_active, last_name, password, phone, postal_code, profile_completed, profile_photo, registration_fee_paid, role, updated_at, years_of_experience, must_change_password) VALUES (35, '56 Rue Oued Sebou', NULL, 'Étudiant en informatique, besoin d''anglais pour lire la documentation technique', 'AB234578', 'Rabat', '2026-04-17 12:56:21.495878', '2001-11-08', 'youssef.moussaoui@gmail.com', 'A2', 'Youssef', true, 'Moussaoui', '$2a$10$N9qo8uLOickgx2ZMRZoMyeIjZAgcfl7p92ldGxad68LJZdL17lhkO', '+212672345678', '10030', true, NULL, false, 'STUDENT', '2026-04-17 12:56:21.495878', NULL, false);
INSERT INTO public.users (id, address, application_id, bio, cin, city, created_at, date_of_birth, email, english_level, first_name, is_active, last_name, password, phone, postal_code, profile_completed, profile_photo, registration_fee_paid, role, updated_at, years_of_experience, must_change_password) VALUES (36, '91 Quartier Agdal', NULL, 'Lycéenne motivée, je prépare mon bac et veux renforcer mes bases en anglais', 'AB234579', 'Rabat', '2026-04-17 12:56:21.495878', '2004-03-22', 'nadia.el-fassi@gmail.com', 'A1', 'Nadia', true, 'El Fassi', '$2a$10$N9qo8uLOickgx2ZMRZoMyeIjZAgcfl7p92ldGxad68LJZdL17lhkO', '+212673456789', '10040', true, NULL, false, 'STUDENT', '2026-04-17 12:56:21.495878', NULL, false);
INSERT INTO public.users (id, address, application_id, bio, cin, city, created_at, date_of_birth, email, english_level, first_name, is_active, last_name, password, phone, postal_code, profile_completed, profile_photo, registration_fee_paid, role, updated_at, years_of_experience, must_change_password) VALUES (37, '43 Rue Patrice Lumumba', NULL, 'Étudiante en marketing digital, je veux perfectionner mon anglais professionnel', 'AB234580', 'Casablanca', '2026-04-17 12:56:21.495878', '2000-07-14', 'imane.lahlou@gmail.com', 'B2', 'Imane', true, 'Lahlou', '$2a$10$N9qo8uLOickgx2ZMRZoMyeIjZAgcfl7p92ldGxad68LJZdL17lhkO', '+212674567890', '20300', true, NULL, false, 'STUDENT', '2026-04-17 12:56:21.495878', NULL, false);
INSERT INTO public.users (id, address, application_id, bio, cin, city, created_at, date_of_birth, email, english_level, first_name, is_active, last_name, password, phone, postal_code, profile_completed, profile_photo, registration_fee_paid, role, updated_at, years_of_experience, must_change_password) VALUES (38, '78 Boulevard Bir Anzarane', NULL, 'Ingénieur en télécommunications, l''anglais est essentiel dans mon domaine', 'AB234581', 'Casablanca', '2026-04-17 12:56:21.495878', '1999-12-30', 'rachid.benjelloun@gmail.com', 'B1', 'Rachid', true, 'Benjelloun', '$2a$10$N9qo8uLOickgx2ZMRZoMyeIjZAgcfl7p92ldGxad68LJZdL17lhkO', '+212675678901', '20350', true, NULL, false, 'STUDENT', '2026-04-17 12:56:21.495878', NULL, false);
INSERT INTO public.users (id, address, application_id, bio, cin, city, created_at, date_of_birth, email, english_level, first_name, is_active, last_name, password, phone, postal_code, profile_completed, profile_photo, registration_fee_paid, role, updated_at, years_of_experience, must_change_password) VALUES (39, '125 Avenue Moulay Youssef', NULL, 'Étudiante en tourisme et hôtellerie, l''anglais est indispensable pour mon métier', 'AB234582', 'Marrakech', '2026-04-17 12:56:21.495878', '2001-04-18', 'leila.mansouri@gmail.com', 'B2', 'Leila', true, 'Mansouri', '$2a$10$N9qo8uLOickgx2ZMRZoMyeIjZAgcfl7p92ldGxad68LJZdL17lhkO', '+212676789012', '40100', true, NULL, false, 'STUDENT', '2026-04-17 12:56:21.495878', NULL, false);
INSERT INTO public.users (id, address, application_id, bio, cin, city, created_at, date_of_birth, email, english_level, first_name, is_active, last_name, password, phone, postal_code, profile_completed, profile_photo, registration_fee_paid, role, updated_at, years_of_experience, must_change_password) VALUES (40, '34 Rue de Fès', NULL, 'Étudiant en finance, je prépare des certifications internationales en anglais', 'AB234583', 'Meknès', '2026-04-17 12:56:21.495878', '2002-09-05', 'hamza.ziani@gmail.com', 'B1', 'Hamza', true, 'Ziani', '$2a$10$N9qo8uLOickgx2ZMRZoMyeIjZAgcfl7p92ldGxad68LJZdL17lhkO', '+212677890123', '50000', true, NULL, false, 'STUDENT', '2026-04-17 12:56:21.495878', NULL, false);
INSERT INTO public.users (id, address, application_id, bio, cin, city, created_at, date_of_birth, email, english_level, first_name, is_active, last_name, password, phone, postal_code, profile_completed, profile_photo, registration_fee_paid, role, updated_at, years_of_experience, must_change_password) VALUES (41, '67 Avenue Hassan II', NULL, 'Étudiante en relations internationales, passionnée par les débats et discussions en anglais', 'AB234584', 'Agadir', '2026-04-17 12:56:21.495878', '2000-06-28', 'sara.kadiri@gmail.com', 'B2', 'Sara', true, 'Kadiri', '$2a$10$N9qo8uLOickgx2ZMRZoMyeIjZAgcfl7p92ldGxad68LJZdL17lhkO', '+212678901234', '80000', true, NULL, false, 'STUDENT', '2026-04-17 12:56:21.495878', NULL, false);
INSERT INTO public.users (id, address, application_id, bio, cin, city, created_at, date_of_birth, email, english_level, first_name, is_active, last_name, password, phone, postal_code, profile_completed, profile_photo, registration_fee_paid, role, updated_at, years_of_experience, must_change_password) VALUES (42, '89 Rue Abou Bakr Seddik', NULL, 'Traductrice freelance, je perfectionne mon anglais pour des traductions littéraires', 'AB234585', 'Casablanca', '2026-04-17 12:56:21.495878', '1998-02-11', 'zineb.alaoui@gmail.com', 'C1', 'Zineb', true, 'Alaoui', '$2a$10$N9qo8uLOickgx2ZMRZoMyeIjZAgcfl7p92ldGxad68LJZdL17lhkO', '+212679012345', '20400', true, NULL, false, 'STUDENT', '2026-04-17 12:56:21.495878', NULL, false);
INSERT INTO public.users (id, address, application_id, bio, cin, city, created_at, date_of_birth, email, english_level, first_name, is_active, last_name, password, phone, postal_code, profile_completed, profile_photo, registration_fee_paid, role, updated_at, years_of_experience, must_change_password) VALUES (43, '156 Boulevard Zerktouni', NULL, 'Doctorant en sciences politiques, je rédige ma thèse en anglais', 'AB234586', 'Casablanca', '2026-04-17 12:56:21.495878', '1999-10-25', 'adam.berrada@gmail.com', 'C2', 'Adam', true, 'Berrada', '$2a$10$N9qo8uLOickgx2ZMRZoMyeIjZAgcfl7p92ldGxad68LJZdL17lhkO', '+212680123456', '20450', true, NULL, false, 'STUDENT', '2026-04-17 12:56:21.495878', NULL, false);
INSERT INTO public.users (id, address, application_id, bio, cin, city, created_at, date_of_birth, email, english_level, first_name, is_active, last_name, password, phone, postal_code, profile_completed, profile_photo, registration_fee_paid, role, updated_at, years_of_experience, must_change_password) VALUES (44, '23 Rue Taha Hussein', NULL, 'Étudiante en littérature anglaise, passionnée par Shakespeare et la poésie', 'AB234587', 'Rabat', '2026-04-17 12:56:21.495878', '2000-08-16', 'meryem.senhaji@gmail.com', 'C1', 'Meryem', true, 'Senhaji', '$2a$10$N9qo8uLOickgx2ZMRZoMyeIjZAgcfl7p92ldGxad68LJZdL17lhkO', '+212681234567', '10050', true, NULL, false, 'STUDENT', '2026-04-17 12:56:21.495878', NULL, false);
INSERT INTO public.users (id, address, application_id, bio, cin, city, created_at, date_of_birth, email, english_level, first_name, is_active, last_name, password, phone, postal_code, profile_completed, profile_photo, registration_fee_paid, role, updated_at, years_of_experience, must_change_password) VALUES (45, '45 Avenue Mohammed V', NULL, 'Consultant en stratégie d''entreprise, l''anglais est ma langue de travail quotidienne', 'AB234588', 'Tanger', '2026-04-17 12:56:21.495878', '1997-12-03', 'tarik.filali@gmail.com', 'C2', 'Tarik', true, 'Filali', '$2a$10$N9qo8uLOickgx2ZMRZoMyeIjZAgcfl7p92ldGxad68LJZdL17lhkO', '+212682345678', '90000', true, NULL, false, 'STUDENT', '2026-04-17 12:56:21.495878', NULL, false);
INSERT INTO public.users (id, address, application_id, bio, cin, city, created_at, date_of_birth, email, english_level, first_name, is_active, last_name, password, phone, postal_code, profile_completed, profile_photo, registration_fee_paid, role, updated_at, years_of_experience, must_change_password) VALUES (46, '78 Rue Al Massira', NULL, 'Étudiant en architecture, besoin d''anglais pour les logiciels et la documentation', 'AB234589', 'Casablanca', '2026-04-17 12:56:21.495878', '2001-05-09', 'hicham.amrani@gmail.com', 'B1', 'Hicham', true, 'Amrani', '$2a$10$N9qo8uLOickgx2ZMRZoMyeIjZAgcfl7p92ldGxad68LJZdL17lhkO', '+212683456789', '20500', true, NULL, false, 'STUDENT', '2026-04-17 12:56:21.495878', NULL, false);
INSERT INTO public.users (id, address, application_id, bio, cin, city, created_at, date_of_birth, email, english_level, first_name, is_active, last_name, password, phone, postal_code, profile_completed, profile_photo, registration_fee_paid, role, updated_at, years_of_experience, must_change_password) VALUES (47, '12 Quartier Palmier', NULL, 'Lycéenne passionnée de cinéma américain, je veux comprendre les films en VO', 'AB234590', 'Casablanca', '2026-04-17 12:56:21.495878', '2003-11-21', 'samira.el-idrissi@gmail.com', 'A2', 'Samira', true, 'El Idrissi', '$2a$10$N9qo8uLOickgx2ZMRZoMyeIjZAgcfl7p92ldGxad68LJZdL17lhkO', '+212684567890', '20550', true, NULL, false, 'STUDENT', '2026-04-17 12:56:21.495878', NULL, false);
INSERT INTO public.users (id, address, application_id, bio, cin, city, created_at, date_of_birth, email, english_level, first_name, is_active, last_name, password, phone, postal_code, profile_completed, profile_photo, registration_fee_paid, role, updated_at, years_of_experience, must_change_password) VALUES (48, '56 Avenue Lalla Yacout', NULL, 'Étudiant en médecine, l''anglais médical est crucial pour ma formation', 'AB234591', 'Rabat', '2026-04-17 12:56:21.495878', '2000-03-17', 'bilal.tazi@gmail.com', 'B2', 'Bilal', true, 'Tazi', '$2a$10$N9qo8uLOickgx2ZMRZoMyeIjZAgcfl7p92ldGxad68LJZdL17lhkO', '+212685678901', '10060', true, NULL, false, 'STUDENT', '2026-04-17 12:56:21.495878', NULL, false);
INSERT INTO public.users (id, address, application_id, bio, cin, city, created_at, date_of_birth, email, english_level, first_name, is_active, last_name, password, phone, postal_code, profile_completed, profile_photo, registration_fee_paid, role, updated_at, years_of_experience, must_change_password) VALUES (50, '34 Boulevard Moulay Ismail', NULL, 'Développeur web, je veux améliorer mon anglais technique pour collaborer à l''international', 'AB234593', 'Meknès', '2026-04-17 12:56:21.495878', '2002-01-14', 'ayoub.mouhib@gmail.com', 'B2', 'Ayoub', true, 'Mouhib', '$2a$10$N9qo8uLOickgx2ZMRZoMyeIjZAgcfl7p92ldGxad68LJZdL17lhkO', '+212687890123', '50100', true, NULL, false, 'STUDENT', '2026-04-17 12:56:21.495878', NULL, false);
INSERT INTO public.users (id, address, application_id, bio, cin, city, created_at, date_of_birth, email, english_level, first_name, is_active, last_name, password, phone, postal_code, profile_completed, profile_photo, registration_fee_paid, role, updated_at, years_of_experience, must_change_password) VALUES (51, '67 Avenue Prince Héritier', NULL, 'Étudiante en design graphique, l''anglais m''ouvre des opportunités créatives', 'AB234594', 'Marrakech', '2026-04-17 12:56:21.495878', '2001-09-07', 'dounia.lahlou@gmail.com', 'C1', 'Dounia', true, 'Lahlou', '$2a$10$N9qo8uLOickgx2ZMRZoMyeIjZAgcfl7p92ldGxad68LJZdL17lhkO', '+212688901234', '40200', true, NULL, false, 'STUDENT', '2026-04-17 12:56:21.495878', NULL, false);
INSERT INTO public.users (id, address, application_id, bio, cin, city, created_at, date_of_birth, email, english_level, first_name, is_active, last_name, password, phone, postal_code, profile_completed, profile_photo, registration_fee_paid, role, updated_at, years_of_experience, must_change_password) VALUES (56, 'Tunisie , Centre ville', NULL, NULL, '15675212', ' Ariana', '2026-05-09 17:14:04.551699', '2000-01-10', 'tnayekmchit44@gmail.com', NULL, 'Nadhem', true, 'Hmida', '$2a$10$DkAGY.gVk8M1ZYUcE.e8ROzSGMShBV6MbFisnfT.gJy/DGZfo/kuW', '+21670989876', '2000', true, NULL, false, 'SPONSOR', '2026-05-09 17:14:04.551699', NULL, false);
INSERT INTO public.users (id, address, application_id, bio, cin, city, created_at, date_of_birth, email, english_level, first_name, is_active, last_name, password, phone, postal_code, profile_completed, profile_photo, registration_fee_paid, role, updated_at, years_of_experience, must_change_password) VALUES (54, 'Riadh Landalos', 2, 'Je suis motivé à rejoindre votre entreprise car je souhaite mettre mes compétences au service d’une équipe dynamique et continuer à apprendre dans un environnement stimulant. Sérieux, organisé et impliqué, j’aime relever de nouveaux défis et travailler en collaboration pour atteindre des objectifs communs. Ce poste représente pour moi une belle opportunité de développer mon expérience professionnelle tout en apportant une contribution positive à votre entreprise.', '14566678', 'Ariana', '2026-05-09 14:45:09.801109', '2003-01-25', 'aabdelmoumen4@gmail.com', NULL, 'Aziz', true, 'Abdelmoumen', '$2a$10$5n8zDu3rpLW7QXN66gIzketkXf/EtqsQLHBDQYCnY6d3PQ/kOgTe6', '+21553676525', '2080', true, NULL, false, 'TUTOR', '2026-05-09 14:45:42.898333', 3, false);
INSERT INTO public.users (id, address, application_id, bio, cin, city, created_at, date_of_birth, email, english_level, first_name, is_active, last_name, password, phone, postal_code, profile_completed, profile_photo, registration_fee_paid, role, updated_at, years_of_experience, must_change_password) VALUES (53, 'Riadh Landalos', NULL, 'Hello My name Is Khalil ', '14516876', 'Ariana', '2026-05-09 14:15:36.106751', '2003-01-25', 'khalilabdelmoumen11@gmail.com', 'A1', 'Mr', true, 'Amazing', '', '+21654535353', '2080', true, '/uploads/profile-photos/61acc877-124e-4f9a-9ca8-e4b705d2502e.jpg', false, 'TUTOR', '2026-05-09 14:22:30.809506', NULL, false);
INSERT INTO public.users (id, address, application_id, bio, cin, city, created_at, date_of_birth, email, english_level, first_name, is_active, last_name, password, phone, postal_code, profile_completed, profile_photo, registration_fee_paid, role, updated_at, years_of_experience, must_change_password) VALUES (57, NULL, NULL, NULL, NULL, NULL, '2026-05-13 15:17:38.239705', NULL, 'student1@test.com', NULL, 'Sarah', true, 'Johnson', '$2a$10$dummypasswordhash', NULL, NULL, true, NULL, true, 'STUDENT', '2026-05-13 15:17:38.239705', NULL, false);
INSERT INTO public.users (id, address, application_id, bio, cin, city, created_at, date_of_birth, email, english_level, first_name, is_active, last_name, password, phone, postal_code, profile_completed, profile_photo, registration_fee_paid, role, updated_at, years_of_experience, must_change_password) VALUES (58, NULL, NULL, NULL, NULL, NULL, '2026-05-13 15:17:38.239705', NULL, 'student2@test.com', NULL, 'Michael', true, 'Chen', '$2a$10$dummypasswordhash', NULL, NULL, true, NULL, true, 'STUDENT', '2026-05-13 15:17:38.239705', NULL, false);
INSERT INTO public.users (id, address, application_id, bio, cin, city, created_at, date_of_birth, email, english_level, first_name, is_active, last_name, password, phone, postal_code, profile_completed, profile_photo, registration_fee_paid, role, updated_at, years_of_experience, must_change_password) VALUES (59, NULL, NULL, NULL, NULL, NULL, '2026-05-13 15:17:38.239705', NULL, 'student3@test.com', NULL, 'Emma', true, 'Garcia', '$2a$10$dummypasswordhash', NULL, NULL, true, NULL, true, 'STUDENT', '2026-05-13 15:17:38.239705', NULL, false);
INSERT INTO public.users (id, address, application_id, bio, cin, city, created_at, date_of_birth, email, english_level, first_name, is_active, last_name, password, phone, postal_code, profile_completed, profile_photo, registration_fee_paid, role, updated_at, years_of_experience, must_change_password) VALUES (60, NULL, NULL, NULL, NULL, NULL, '2026-05-13 15:17:38.239705', NULL, 'student4@test.com', NULL, 'David', true, 'Martinez', '$2a$10$dummypasswordhash', NULL, NULL, true, NULL, true, 'STUDENT', '2026-05-13 15:17:38.239705', NULL, false);
INSERT INTO public.users (id, address, application_id, bio, cin, city, created_at, date_of_birth, email, english_level, first_name, is_active, last_name, password, phone, postal_code, profile_completed, profile_photo, registration_fee_paid, role, updated_at, years_of_experience, must_change_password) VALUES (61, NULL, NULL, NULL, NULL, NULL, '2026-05-13 15:17:38.239705', NULL, 'student5@test.com', NULL, 'Lisa', true, 'Anderson', '$2a$10$dummypasswordhash', NULL, NULL, true, NULL, true, 'STUDENT', '2026-05-13 15:17:38.239705', NULL, false);


--
-- Data for Name: activation_tokens; Type: TABLE DATA; Schema: public; Owner: postgres
--

INSERT INTO public.activation_tokens (id, created_at, expiry_date, token, used, user_id) VALUES (1, '2026-04-14 16:32:04.198167', '2026-04-15 16:32:04.198167', '686e52e9-0770-4de0-a17b-5e8730eb96c7', true, 1);
INSERT INTO public.activation_tokens (id, created_at, expiry_date, token, used, user_id) VALUES (8, '2026-05-09 14:15:36.129751', '2026-05-10 14:15:36.128752', 'f8f37b0e-c1f1-47f8-8c19-c67cfc403cc3', true, 53);


--
-- Data for Name: tutor_applications; Type: TABLE DATA; Schema: public; Owner: postgres
--

INSERT INTO public.tutor_applications (id, address, availability, certifications, cin, city, created_at, current_step, date_of_birth, education, email, english_level, first_name, interview_meeting_link, interview_notes, interview_scheduled_at, last_name, motivation_letter, nationality, overall_score, phone, postal_code, presentation_score, qualification_score, rejection_reason, reviewed_at, reviewed_by, specializations, status, submitted_at, teaching_philosophy, terms_accepted, terms_accepted_at, test_completed_at, test_score, updated_at, work_experience, years_of_experience) VALUES (2, 'Riadh Landalos', 'Je suis motivé à rejoindre votre entreprise car je souhaite mettre mes compétences au service d’une équipe dynamique et continuer à apprendre dans un environnement stimulant. Sérieux, organisé et impliqué, j’aime relever de nouveaux défis et travailler en collaboration pour atteindre des objectifs communs. Ce poste représente pour moi une belle opportunité de développer mon expérience professionnelle tout en apportant une contribution positive à votre entreprise.', 'Je suis motivé à rejoindre votre entreprise car je souhaite mettre mes compétences au service d’une équipe dynamique et continuer à apprendre dans un environnement stimulant. Sérieux, organisé et impliqué, j’aime relever de nouveaux défis et travailler en collaboration pour atteindre des objectifs communs. Ce poste représente pour moi une belle opportunité de développer mon expérience professionnelle tout en apportant une contribution positive à votre entreprise.', '14566678', 'Ariana', '2026-05-09 14:42:03.371169', 4, '2003-01-25', 'Je suis motivé à rejoindre votre entreprise car je souhaite mettre mes compétences au service d’une équipe dynamique et continuer à apprendre dans un environnement stimulant. Sérieux, organisé et impliqué, j’aime relever de nouveaux défis et travailler en collaboration pour atteindre des objectifs communs. Ce poste représente pour moi une belle opportunité de développer mon expérience professionnelle tout en apportant une contribution positive à votre entreprise.', 'aabdelmoumen4@gmail.com', 'C1', 'Aziz', 'https://meet.google.com/new', '

Plateforme: Google Meet
Durée: 30 minutes
Google Event ID: N/A', '2026-05-11 10:00:00', 'Abdelmoumen', 'Je suis motivé à rejoindre votre entreprise car je souhaite mettre mes compétences au service d’une équipe dynamique et continuer à apprendre dans un environnement stimulant. Sérieux, organisé et impliqué, j’aime relever de nouveaux défis et travailler en collaboration pour atteindre des objectifs communs. Ce poste représente pour moi une belle opportunité de développer mon expérience professionnelle tout en apportant une contribution positive à votre entreprise.', 'Tunisienne', NULL, '+21553676525', '2080', NULL, NULL, NULL, '2026-05-09 14:45:09.812109', 1, 'TOEFLL , Kids', 'ACCEPTED', '2026-05-09 14:42:47.081811', 'Je suis motivé à rejoindre votre entreprise car je souhaite mettre mes compétences au service d’une équipe dynamique et continuer à apprendre dans un environnement stimulant. Sérieux, organisé et impliqué, j’aime relever de nouveaux défis et travailler en collaboration pour atteindre des objectifs communs. Ce poste représente pour moi une belle opportunité de développer mon expérience professionnelle tout en apportant une contribution positive à votre entreprise.', true, '2026-05-09 14:42:46.956743', NULL, NULL, '2026-05-09 14:45:09.841108', 'Je suis motivé à rejoindre votre entreprise car je souhaite mettre mes compétences au service d’une équipe dynamique et continuer à apprendre dans un environnement stimulant. Sérieux, organisé et impliqué, j’aime relever de nouveaux défis et travailler en collaboration pour atteindre des objectifs communs. Ce poste représente pour moi une belle opportunité de développer mon expérience professionnelle tout en apportant une contribution positive à votre entreprise.', 3);
INSERT INTO public.tutor_applications (id, address, availability, certifications, cin, city, created_at, current_step, date_of_birth, education, email, english_level, first_name, interview_meeting_link, interview_notes, interview_scheduled_at, last_name, motivation_letter, nationality, overall_score, phone, postal_code, presentation_score, qualification_score, rejection_reason, reviewed_at, reviewed_by, specializations, status, submitted_at, teaching_philosophy, terms_accepted, terms_accepted_at, test_completed_at, test_score, updated_at, work_experience, years_of_experience) VALUES (1, 'Riadh Landalos', 'adazdazd', 'CELTA TOFLE ', '14141414', 'Tunisie', '2026-04-14 16:37:11.535163', 4, '2003-01-25', 'Ceci est une phase de test ', 'khalilabdelmoumen11@gmail.com', 'A1', 'Teacher ', 'https://meet.google.com/ptg-sxbr-etk', '

Plateforme: Google Meet
Durée: 60 minutes
Google Event ID: lkt6e7inng134qu9i9qgrq4csk', '2026-04-21 09:00:00', '1 ', 'Hello i want to be tutor Hello i want to be tutor Hello i want to be tutor Hello i want to be tutor Hello i want to be tutor ', 'Tunisie', NULL, '+216545303991', '2080', NULL, NULL, NULL, '2026-04-15 15:48:32.952324', 1, 'Kids', 'ACCEPTED', '2026-04-14 16:42:49.467834', 'Hello i want to be tutor Hello i want to be tutor Hello i want to be tutor Hello i want to be tutor Hello i want to be tutor Hello i want to be tutor ', true, '2026-04-14 16:42:49.427831', NULL, NULL, '2026-04-15 15:48:32.965402', 'Ceci est une phase de test ', 2);


--
-- Data for Name: application_documents; Type: TABLE DATA; Schema: public; Owner: postgres
--

INSERT INTO public.application_documents (id, file_name, file_path, file_size, file_type, type, uploaded_at, application_id) VALUES (1, 'Grille_App Web Distribuées_4eme(1).pdf', 'uploads\applications\1\e3739d44-d8ec-46f9-bc05-2b76b9b1e6da.pdf', 220225, 'application/pdf', 'CV', '2026-04-14 16:42:20.585686', 1);
INSERT INTO public.application_documents (id, file_name, file_path, file_size, file_type, type, uploaded_at, application_id) VALUES (2, 'Description de sprint 2.pdf', 'uploads\applications\1\84563003-57e0-412c-aa0c-e25b523115c3.pdf', 171897, 'application/pdf', 'DEGREE', '2026-04-14 16:42:24.479469', 1);
INSERT INTO public.application_documents (id, file_name, file_path, file_size, file_type, type, uploaded_at, application_id) VALUES (3, 'Description de sprint 2.pdf', 'uploads\applications\1\c25a0783-2f11-4e91-9d15-8d8710fd701f.pdf', 171897, 'application/pdf', 'DEGREE', '2026-04-14 16:42:36.551446', 1);
INSERT INTO public.application_documents (id, file_name, file_path, file_size, file_type, type, uploaded_at, application_id) VALUES (4, 'Attestation de Stage .pdf', 'uploads\applications\1\c214d9a5-8894-4c82-a2c2-b6a15c171820.pdf', 528727, 'application/pdf', 'CERTIFICATE', '2026-04-14 16:42:40.842776', 1);
INSERT INTO public.application_documents (id, file_name, file_path, file_size, file_type, type, uploaded_at, application_id) VALUES (5, 'CV.pdf', 'uploads\applications\2\d297af6b-563b-49ae-b202-1750b37ad8f9.pdf', 3040954, 'application/pdf', 'CV', '2026-05-09 14:42:27.809814', 2);
INSERT INTO public.application_documents (id, file_name, file_path, file_size, file_type, type, uploaded_at, application_id) VALUES (6, 'Certification.pdf', 'uploads\applications\2\2cae80ea-8625-4b76-b6c0-4f13df2b00e9.pdf', 3040954, 'application/pdf', 'DEGREE', '2026-05-09 14:42:32.060155', 2);
INSERT INTO public.application_documents (id, file_name, file_path, file_size, file_type, type, uploaded_at, application_id) VALUES (7, 'Lettre de Motiviation .pdf', 'uploads\applications\2\6ac95ede-ea0a-44a5-9793-42bc23e70dee.pdf', 3040954, 'application/pdf', 'CERTIFICATE', '2026-05-09 14:42:35.920576', 2);
INSERT INTO public.application_documents (id, file_name, file_path, file_size, file_type, type, uploaded_at, application_id) VALUES (8, 'the-lone-ronin-moewalls-com.mp4', 'uploads\applications\2\0b270279-2a0e-447a-bccd-4ed1a6aa0438.mp4', 19210282, 'video/mp4', 'VIDEO_PRESENTATION', '2026-05-09 14:42:44.913242', 2);


--
-- Data for Name: application_status_history; Type: TABLE DATA; Schema: public; Owner: postgres
--

INSERT INTO public.application_status_history (id, changed_at, changed_by, comment, from_status, to_status, application_id) VALUES (1, '2026-04-14 16:42:49.468829', NULL, NULL, 'DRAFT', 'SUBMITTED', 1);
INSERT INTO public.application_status_history (id, changed_at, changed_by, comment, from_status, to_status, application_id) VALUES (2, '2026-04-14 16:43:03.122891', 1, NULL, 'SUBMITTED', 'UNDER_REVIEW', 1);
INSERT INTO public.application_status_history (id, changed_at, changed_by, comment, from_status, to_status, application_id) VALUES (3, '2026-04-14 16:43:23.64982', 1, 'Interview scheduled', 'UNDER_REVIEW', 'INTERVIEW_SCHEDULED', 1);
INSERT INTO public.application_status_history (id, changed_at, changed_by, comment, from_status, to_status, application_id) VALUES (4, '2026-04-14 16:44:12.566678', 1, NULL, 'INTERVIEW_SCHEDULED', 'TEST_COMPLETED', 1);
INSERT INTO public.application_status_history (id, changed_at, changed_by, comment, from_status, to_status, application_id) VALUES (5, '2026-04-14 16:44:15.179745', 1, 'Application accepted and tutor account created', 'TEST_COMPLETED', 'ACCEPTED', 1);
INSERT INTO public.application_status_history (id, changed_at, changed_by, comment, from_status, to_status, application_id) VALUES (6, '2026-04-15 15:27:58.685197', 1, 'Ceci est un test car vous ', 'ACCEPTED', 'REJECTED', 1);
INSERT INTO public.application_status_history (id, changed_at, changed_by, comment, from_status, to_status, application_id) VALUES (7, '2026-04-15 15:28:04.590964', 1, NULL, 'REJECTED', 'UNDER_REVIEW', 1);
INSERT INTO public.application_status_history (id, changed_at, changed_by, comment, from_status, to_status, application_id) VALUES (8, '2026-04-15 15:36:27.085343', 1, 'Application accepted and tutor account created', 'UNDER_REVIEW', 'ACCEPTED', 1);
INSERT INTO public.application_status_history (id, changed_at, changed_by, comment, from_status, to_status, application_id) VALUES (9, '2026-04-15 15:43:21.199109', 1, NULL, 'ACCEPTED', 'UNDER_REVIEW', 1);
INSERT INTO public.application_status_history (id, changed_at, changed_by, comment, from_status, to_status, application_id) VALUES (10, '2026-04-15 15:43:47.305279', 1, 'kokokkokokkokokokokokk
', 'UNDER_REVIEW', 'REJECTED', 1);
INSERT INTO public.application_status_history (id, changed_at, changed_by, comment, from_status, to_status, application_id) VALUES (11, '2026-04-15 15:43:59.203135', 1, NULL, 'REJECTED', 'UNDER_REVIEW', 1);
INSERT INTO public.application_status_history (id, changed_at, changed_by, comment, from_status, to_status, application_id) VALUES (12, '2026-04-15 15:44:05.376002', 1, 'Application accepted and tutor account reactivated', 'UNDER_REVIEW', 'ACCEPTED', 1);
INSERT INTO public.application_status_history (id, changed_at, changed_by, comment, from_status, to_status, application_id) VALUES (13, '2026-04-15 15:44:52.867066', 1, NULL, 'ACCEPTED', 'UNDER_REVIEW', 1);
INSERT INTO public.application_status_history (id, changed_at, changed_by, comment, from_status, to_status, application_id) VALUES (14, '2026-04-15 15:44:55.077953', 1, 'Application accepted and tutor account created', 'UNDER_REVIEW', 'ACCEPTED', 1);
INSERT INTO public.application_status_history (id, changed_at, changed_by, comment, from_status, to_status, application_id) VALUES (15, '2026-04-15 15:48:26.752937', 1, NULL, 'ACCEPTED', 'UNDER_REVIEW', 1);
INSERT INTO public.application_status_history (id, changed_at, changed_by, comment, from_status, to_status, application_id) VALUES (16, '2026-04-15 15:48:32.952324', 1, 'Application accepted and tutor account created', 'UNDER_REVIEW', 'ACCEPTED', 1);
INSERT INTO public.application_status_history (id, changed_at, changed_by, comment, from_status, to_status, application_id) VALUES (17, '2026-05-09 14:42:47.121824', NULL, NULL, 'DRAFT', 'SUBMITTED', 2);
INSERT INTO public.application_status_history (id, changed_at, changed_by, comment, from_status, to_status, application_id) VALUES (18, '2026-05-09 14:44:05.729939', 1, NULL, 'SUBMITTED', 'UNDER_REVIEW', 2);
INSERT INTO public.application_status_history (id, changed_at, changed_by, comment, from_status, to_status, application_id) VALUES (19, '2026-05-09 14:44:18.245208', 1, NULL, 'UNDER_REVIEW', 'INTERVIEW_SCHEDULED', 2);
INSERT INTO public.application_status_history (id, changed_at, changed_by, comment, from_status, to_status, application_id) VALUES (20, '2026-05-09 14:45:06.135523', 1, NULL, 'INTERVIEW_SCHEDULED', 'TEST_COMPLETED', 2);
INSERT INTO public.application_status_history (id, changed_at, changed_by, comment, from_status, to_status, application_id) VALUES (21, '2026-05-09 14:45:09.813107', 1, 'Application accepted and tutor account created', 'TEST_COMPLETED', 'ACCEPTED', 2);


--
-- Data for Name: interview_schedules; Type: TABLE DATA; Schema: public; Owner: postgres
--

INSERT INTO public.interview_schedules (id, cancellation_reason, cancelled_at, created_at, description, duration_minutes, google_event_id, interviewer_id, meeting_link, meeting_platform, scheduled_end, scheduled_start, status, title, updated_at, application_id) VALUES (1, NULL, NULL, '2026-04-14 16:43:23.63882', 'Entretien de recrutement pour le poste de tuteur

Candidat: Teacher  1 
Email: khalilabdelmoumen11@gmail.com', 60, 'lkt6e7inng134qu9i9qgrq4csk', 1, 'https://meet.google.com/ptg-sxbr-etk', 'GOOGLE_MEET', '2026-04-21 10:00:00', '2026-04-21 09:00:00', 'SCHEDULED', 'Interview - Teacher  1 ', '2026-04-14 16:43:23.63882', 1);
INSERT INTO public.interview_schedules (id, cancellation_reason, cancelled_at, created_at, description, duration_minutes, google_event_id, interviewer_id, meeting_link, meeting_platform, scheduled_end, scheduled_start, status, title, updated_at, application_id) VALUES (2, NULL, NULL, '2026-05-09 14:44:37.305555', 'Entretien de recrutement pour le poste de tuteur

Candidat: Aziz Abdelmoumen
Email: aabdelmoumen4@gmail.com', 30, NULL, 1, 'https://meet.google.com/new', 'GOOGLE_MEET', '2026-05-11 10:30:00', '2026-05-11 10:00:00', 'SCHEDULED', 'Interview - Aziz Abdelmoumen', '2026-05-09 14:44:37.305555', 2);


--
-- Data for Name: refresh_tokens; Type: TABLE DATA; Schema: public; Owner: postgres
--

INSERT INTO public.refresh_tokens (id, created_at, device_info, expiry_date, ip_address, last_used_at, revoked, token, user_id) VALUES (1, '2026-04-14 16:44:52.535739', 'Mozilla/5.0 (Windows NT 10.0; Win64; x64) AppleWebKit/537.36 (KHTML, like Gecko) Chrome/147.0.0.0 Safari/537.36', '2026-04-21 16:44:52.535739', '0:0:0:0:0:0:0:1', '2026-04-14 16:44:52.535739', false, '8a54ef1a-a411-4e12-a80b-242154ed2521', 2);
INSERT INTO public.refresh_tokens (id, created_at, device_info, expiry_date, ip_address, last_used_at, revoked, token, user_id) VALUES (2, '2026-04-14 16:50:57.057979', 'Mozilla/5.0 (Windows NT 10.0; Win64; x64) AppleWebKit/537.36 (KHTML, like Gecko) Chrome/147.0.0.0 Safari/537.36', '2026-04-21 16:50:57.057979', '0:0:0:0:0:0:0:1', '2026-04-14 16:50:57.057979', false, '354aa04f-2cdf-4189-999b-09ce7efee74e', 2);
INSERT INTO public.refresh_tokens (id, created_at, device_info, expiry_date, ip_address, last_used_at, revoked, token, user_id) VALUES (3, '2026-04-15 15:36:58.197642', 'Mozilla/5.0 (Windows NT 10.0; Win64; x64) AppleWebKit/537.36 (KHTML, like Gecko) Chrome/147.0.0.0 Safari/537.36', '2026-04-22 15:36:58.19664', '0:0:0:0:0:0:0:1', '2026-04-15 15:36:58.197642', false, '452dec1b-f5c7-4851-9e0d-cc2af0221793', 11);
INSERT INTO public.refresh_tokens (id, created_at, device_info, expiry_date, ip_address, last_used_at, revoked, token, user_id) VALUES (4, '2026-04-15 15:44:34.057569', 'Mozilla/5.0 (Windows NT 10.0; Win64; x64) AppleWebKit/537.36 (KHTML, like Gecko) Chrome/147.0.0.0 Safari/537.36', '2026-04-22 15:44:34.057569', '0:0:0:0:0:0:0:1', '2026-04-15 15:44:34.057569', false, '74bab6ba-0889-422c-a2c5-afe426a7e444', 11);
INSERT INTO public.refresh_tokens (id, created_at, device_info, expiry_date, ip_address, last_used_at, revoked, token, user_id) VALUES (5, '2026-04-15 15:45:16.570203', 'Mozilla/5.0 (Windows NT 10.0; Win64; x64) AppleWebKit/537.36 (KHTML, like Gecko) Chrome/147.0.0.0 Safari/537.36', '2026-04-22 15:45:16.570203', '0:0:0:0:0:0:0:1', '2026-04-15 15:45:16.570203', false, '92b4d143-fd1b-4a88-a449-791e20592d19', 12);
INSERT INTO public.refresh_tokens (id, created_at, device_info, expiry_date, ip_address, last_used_at, revoked, token, user_id) VALUES (6, '2026-04-15 15:48:52.341668', 'Mozilla/5.0 (Windows NT 10.0; Win64; x64) AppleWebKit/537.36 (KHTML, like Gecko) Chrome/147.0.0.0 Safari/537.36', '2026-04-22 15:48:52.341668', '0:0:0:0:0:0:0:1', '2026-04-15 15:48:52.341668', false, '72944eea-40aa-4caf-b19d-2128e2ae52d2', 13);
INSERT INTO public.refresh_tokens (id, created_at, device_info, expiry_date, ip_address, last_used_at, revoked, token, user_id) VALUES (7, '2026-04-15 15:52:37.47676', 'Mozilla/5.0 (Windows NT 10.0; Win64; x64) AppleWebKit/537.36 (KHTML, like Gecko) Chrome/147.0.0.0 Safari/537.36', '2026-04-22 15:52:37.47676', '0:0:0:0:0:0:0:1', '2026-04-15 15:52:37.47676', false, '1b0bfdc3-52fc-42fb-a2c0-921225d80438', 13);
INSERT INTO public.refresh_tokens (id, created_at, device_info, expiry_date, ip_address, last_used_at, revoked, token, user_id) VALUES (8, '2026-04-15 16:03:36.47884', 'Mozilla/5.0 (Windows NT 10.0; Win64; x64) AppleWebKit/537.36 (KHTML, like Gecko) Chrome/147.0.0.0 Safari/537.36', '2026-04-22 16:03:36.47784', '0:0:0:0:0:0:0:1', '2026-04-15 16:03:36.47884', false, 'c1aefe87-db52-4b69-8a7c-7b1554e21c59', 13);
INSERT INTO public.refresh_tokens (id, created_at, device_info, expiry_date, ip_address, last_used_at, revoked, token, user_id) VALUES (9, '2026-04-15 16:04:02.264748', 'Mozilla/5.0 (Windows NT 10.0; Win64; x64) AppleWebKit/537.36 (KHTML, like Gecko) Chrome/147.0.0.0 Safari/537.36', '2026-04-22 16:04:02.263749', '0:0:0:0:0:0:0:1', '2026-04-15 16:04:02.264748', false, '57175232-0047-465e-857b-b37823d4524b', 13);
INSERT INTO public.refresh_tokens (id, created_at, device_info, expiry_date, ip_address, last_used_at, revoked, token, user_id) VALUES (10, '2026-04-15 17:40:35.246686', 'Mozilla/5.0 (Windows NT 10.0; Win64; x64) AppleWebKit/537.36 (KHTML, like Gecko) Chrome/147.0.0.0 Safari/537.36', '2026-04-22 17:40:35.246686', '0:0:0:0:0:0:0:1', '2026-04-15 17:40:35.246686', false, 'a7e9a9fd-4d2d-4b26-b83e-5795dc99e236', 14);
INSERT INTO public.refresh_tokens (id, created_at, device_info, expiry_date, ip_address, last_used_at, revoked, token, user_id) VALUES (11, '2026-04-15 18:23:15.67922', 'Mozilla/5.0 (Windows NT 10.0; Win64; x64) AppleWebKit/537.36 (KHTML, like Gecko) Chrome/147.0.0.0 Safari/537.36', '2026-04-22 18:23:15.67922', '0:0:0:0:0:0:0:1', '2026-04-15 18:23:15.67922', false, '16ef125f-9b25-48c2-9a55-3184588d7f45', 20);
INSERT INTO public.refresh_tokens (id, created_at, device_info, expiry_date, ip_address, last_used_at, revoked, token, user_id) VALUES (12, '2026-04-15 18:36:48.807769', 'Mozilla/5.0 (Windows NT 10.0; Win64; x64) AppleWebKit/537.36 (KHTML, like Gecko) Chrome/147.0.0.0 Safari/537.36', '2026-04-22 18:36:48.80677', '0:0:0:0:0:0:0:1', '2026-04-15 18:36:48.807769', false, '56321443-3647-4410-b60c-4827a7cb445f', 22);
INSERT INTO public.refresh_tokens (id, created_at, device_info, expiry_date, ip_address, last_used_at, revoked, token, user_id) VALUES (13, '2026-04-15 18:39:51.210044', 'Mozilla/5.0 (Windows NT 10.0; Win64; x64) AppleWebKit/537.36 (KHTML, like Gecko) Chrome/147.0.0.0 Safari/537.36', '2026-04-22 18:39:51.209043', '0:0:0:0:0:0:0:1', '2026-04-15 18:39:51.210044', false, '0aa37272-7f95-41b7-b7e7-8540794a8d2c', 23);
INSERT INTO public.refresh_tokens (id, created_at, device_info, expiry_date, ip_address, last_used_at, revoked, token, user_id) VALUES (14, '2026-05-09 14:45:33.690945', 'Mozilla/5.0 (Windows NT 10.0; Win64; x64) AppleWebKit/537.36 (KHTML, like Gecko) Chrome/147.0.0.0 Safari/537.36', '2026-05-16 14:45:33.689974', '0:0:0:0:0:0:0:1', '2026-05-09 14:45:33.690945', false, 'cccfdc0f-0c74-49b8-9243-c0f4c47763b5', 54);
INSERT INTO public.refresh_tokens (id, created_at, device_info, expiry_date, ip_address, last_used_at, revoked, token, user_id) VALUES (15, '2026-05-09 17:17:04.554525', 'Mozilla/5.0 (Windows NT 10.0; Win64; x64) AppleWebKit/537.36 (KHTML, like Gecko) Chrome/147.0.0.0 Safari/537.36', '2026-05-16 17:17:04.554525', '0:0:0:0:0:0:0:1', '2026-05-09 17:17:04.554525', false, 'af01f0d2-ddd4-4b15-8c36-d55411af1dfe', 56);


--
-- Data for Name: student_analytics; Type: TABLE DATA; Schema: public; Owner: postgres
--

INSERT INTO public.student_analytics (id, user_id, total_clicks, total_sessions, avg_clicks_per_session, max_clicks_in_session, avg_score, min_score, max_score, total_assessments, completed_tma, completed_cma, completed_exams, previous_attempts, studied_credits, last_activity_at, first_registration_date, is_unregistered, created_at, updated_at, total_lessons_opened, total_time_spent_minutes, avg_time_per_lesson, last_lesson_opened_at) VALUES (2, 33, 0, 0, 0, 0, 0, 0, 0, 0, 0, 0, 0, 0, 0, NULL, '2026-04-17 12:56:21.495878', false, '2026-05-13 10:52:57.054791', '2026-05-13 10:52:57.054791', 0, 0, 0, NULL);
INSERT INTO public.student_analytics (id, user_id, total_clicks, total_sessions, avg_clicks_per_session, max_clicks_in_session, avg_score, min_score, max_score, total_assessments, completed_tma, completed_cma, completed_exams, previous_attempts, studied_credits, last_activity_at, first_registration_date, is_unregistered, created_at, updated_at, total_lessons_opened, total_time_spent_minutes, avg_time_per_lesson, last_lesson_opened_at) VALUES (3, 34, 0, 0, 0, 0, 0, 0, 0, 0, 0, 0, 0, 0, 0, NULL, '2026-04-17 12:56:21.495878', false, '2026-05-13 10:52:57.054791', '2026-05-13 10:52:57.054791', 0, 0, 0, NULL);
INSERT INTO public.student_analytics (id, user_id, total_clicks, total_sessions, avg_clicks_per_session, max_clicks_in_session, avg_score, min_score, max_score, total_assessments, completed_tma, completed_cma, completed_exams, previous_attempts, studied_credits, last_activity_at, first_registration_date, is_unregistered, created_at, updated_at, total_lessons_opened, total_time_spent_minutes, avg_time_per_lesson, last_lesson_opened_at) VALUES (4, 35, 0, 0, 0, 0, 0, 0, 0, 0, 0, 0, 0, 0, 0, NULL, '2026-04-17 12:56:21.495878', false, '2026-05-13 10:52:57.054791', '2026-05-13 10:52:57.054791', 0, 0, 0, NULL);
INSERT INTO public.student_analytics (id, user_id, total_clicks, total_sessions, avg_clicks_per_session, max_clicks_in_session, avg_score, min_score, max_score, total_assessments, completed_tma, completed_cma, completed_exams, previous_attempts, studied_credits, last_activity_at, first_registration_date, is_unregistered, created_at, updated_at, total_lessons_opened, total_time_spent_minutes, avg_time_per_lesson, last_lesson_opened_at) VALUES (5, 36, 0, 0, 0, 0, 0, 0, 0, 0, 0, 0, 0, 0, 0, NULL, '2026-04-17 12:56:21.495878', false, '2026-05-13 10:52:57.054791', '2026-05-13 10:52:57.054791', 0, 0, 0, NULL);
INSERT INTO public.student_analytics (id, user_id, total_clicks, total_sessions, avg_clicks_per_session, max_clicks_in_session, avg_score, min_score, max_score, total_assessments, completed_tma, completed_cma, completed_exams, previous_attempts, studied_credits, last_activity_at, first_registration_date, is_unregistered, created_at, updated_at, total_lessons_opened, total_time_spent_minutes, avg_time_per_lesson, last_lesson_opened_at) VALUES (6, 37, 0, 0, 0, 0, 0, 0, 0, 0, 0, 0, 0, 0, 0, NULL, '2026-04-17 12:56:21.495878', false, '2026-05-13 10:52:57.054791', '2026-05-13 10:52:57.054791', 0, 0, 0, NULL);
INSERT INTO public.student_analytics (id, user_id, total_clicks, total_sessions, avg_clicks_per_session, max_clicks_in_session, avg_score, min_score, max_score, total_assessments, completed_tma, completed_cma, completed_exams, previous_attempts, studied_credits, last_activity_at, first_registration_date, is_unregistered, created_at, updated_at, total_lessons_opened, total_time_spent_minutes, avg_time_per_lesson, last_lesson_opened_at) VALUES (7, 38, 0, 0, 0, 0, 0, 0, 0, 0, 0, 0, 0, 0, 0, NULL, '2026-04-17 12:56:21.495878', false, '2026-05-13 10:52:57.054791', '2026-05-13 10:52:57.054791', 0, 0, 0, NULL);
INSERT INTO public.student_analytics (id, user_id, total_clicks, total_sessions, avg_clicks_per_session, max_clicks_in_session, avg_score, min_score, max_score, total_assessments, completed_tma, completed_cma, completed_exams, previous_attempts, studied_credits, last_activity_at, first_registration_date, is_unregistered, created_at, updated_at, total_lessons_opened, total_time_spent_minutes, avg_time_per_lesson, last_lesson_opened_at) VALUES (8, 39, 0, 0, 0, 0, 0, 0, 0, 0, 0, 0, 0, 0, 0, NULL, '2026-04-17 12:56:21.495878', false, '2026-05-13 10:52:57.054791', '2026-05-13 10:52:57.054791', 0, 0, 0, NULL);
INSERT INTO public.student_analytics (id, user_id, total_clicks, total_sessions, avg_clicks_per_session, max_clicks_in_session, avg_score, min_score, max_score, total_assessments, completed_tma, completed_cma, completed_exams, previous_attempts, studied_credits, last_activity_at, first_registration_date, is_unregistered, created_at, updated_at, total_lessons_opened, total_time_spent_minutes, avg_time_per_lesson, last_lesson_opened_at) VALUES (9, 40, 0, 0, 0, 0, 0, 0, 0, 0, 0, 0, 0, 0, 0, NULL, '2026-04-17 12:56:21.495878', false, '2026-05-13 10:52:57.054791', '2026-05-13 10:52:57.054791', 0, 0, 0, NULL);
INSERT INTO public.student_analytics (id, user_id, total_clicks, total_sessions, avg_clicks_per_session, max_clicks_in_session, avg_score, min_score, max_score, total_assessments, completed_tma, completed_cma, completed_exams, previous_attempts, studied_credits, last_activity_at, first_registration_date, is_unregistered, created_at, updated_at, total_lessons_opened, total_time_spent_minutes, avg_time_per_lesson, last_lesson_opened_at) VALUES (10, 41, 0, 0, 0, 0, 0, 0, 0, 0, 0, 0, 0, 0, 0, NULL, '2026-04-17 12:56:21.495878', false, '2026-05-13 10:52:57.054791', '2026-05-13 10:52:57.054791', 0, 0, 0, NULL);
INSERT INTO public.student_analytics (id, user_id, total_clicks, total_sessions, avg_clicks_per_session, max_clicks_in_session, avg_score, min_score, max_score, total_assessments, completed_tma, completed_cma, completed_exams, previous_attempts, studied_credits, last_activity_at, first_registration_date, is_unregistered, created_at, updated_at, total_lessons_opened, total_time_spent_minutes, avg_time_per_lesson, last_lesson_opened_at) VALUES (11, 42, 0, 0, 0, 0, 0, 0, 0, 0, 0, 0, 0, 0, 0, NULL, '2026-04-17 12:56:21.495878', false, '2026-05-13 10:52:57.054791', '2026-05-13 10:52:57.054791', 0, 0, 0, NULL);
INSERT INTO public.student_analytics (id, user_id, total_clicks, total_sessions, avg_clicks_per_session, max_clicks_in_session, avg_score, min_score, max_score, total_assessments, completed_tma, completed_cma, completed_exams, previous_attempts, studied_credits, last_activity_at, first_registration_date, is_unregistered, created_at, updated_at, total_lessons_opened, total_time_spent_minutes, avg_time_per_lesson, last_lesson_opened_at) VALUES (12, 43, 0, 0, 0, 0, 0, 0, 0, 0, 0, 0, 0, 0, 0, NULL, '2026-04-17 12:56:21.495878', false, '2026-05-13 10:52:57.054791', '2026-05-13 10:52:57.054791', 0, 0, 0, NULL);
INSERT INTO public.student_analytics (id, user_id, total_clicks, total_sessions, avg_clicks_per_session, max_clicks_in_session, avg_score, min_score, max_score, total_assessments, completed_tma, completed_cma, completed_exams, previous_attempts, studied_credits, last_activity_at, first_registration_date, is_unregistered, created_at, updated_at, total_lessons_opened, total_time_spent_minutes, avg_time_per_lesson, last_lesson_opened_at) VALUES (13, 44, 0, 0, 0, 0, 0, 0, 0, 0, 0, 0, 0, 0, 0, NULL, '2026-04-17 12:56:21.495878', false, '2026-05-13 10:52:57.054791', '2026-05-13 10:52:57.054791', 0, 0, 0, NULL);
INSERT INTO public.student_analytics (id, user_id, total_clicks, total_sessions, avg_clicks_per_session, max_clicks_in_session, avg_score, min_score, max_score, total_assessments, completed_tma, completed_cma, completed_exams, previous_attempts, studied_credits, last_activity_at, first_registration_date, is_unregistered, created_at, updated_at, total_lessons_opened, total_time_spent_minutes, avg_time_per_lesson, last_lesson_opened_at) VALUES (14, 45, 0, 0, 0, 0, 0, 0, 0, 0, 0, 0, 0, 0, 0, NULL, '2026-04-17 12:56:21.495878', false, '2026-05-13 10:52:57.054791', '2026-05-13 10:52:57.054791', 0, 0, 0, NULL);
INSERT INTO public.student_analytics (id, user_id, total_clicks, total_sessions, avg_clicks_per_session, max_clicks_in_session, avg_score, min_score, max_score, total_assessments, completed_tma, completed_cma, completed_exams, previous_attempts, studied_credits, last_activity_at, first_registration_date, is_unregistered, created_at, updated_at, total_lessons_opened, total_time_spent_minutes, avg_time_per_lesson, last_lesson_opened_at) VALUES (15, 46, 0, 0, 0, 0, 0, 0, 0, 0, 0, 0, 0, 0, 0, NULL, '2026-04-17 12:56:21.495878', false, '2026-05-13 10:52:57.054791', '2026-05-13 10:52:57.054791', 0, 0, 0, NULL);
INSERT INTO public.student_analytics (id, user_id, total_clicks, total_sessions, avg_clicks_per_session, max_clicks_in_session, avg_score, min_score, max_score, total_assessments, completed_tma, completed_cma, completed_exams, previous_attempts, studied_credits, last_activity_at, first_registration_date, is_unregistered, created_at, updated_at, total_lessons_opened, total_time_spent_minutes, avg_time_per_lesson, last_lesson_opened_at) VALUES (16, 47, 0, 0, 0, 0, 0, 0, 0, 0, 0, 0, 0, 0, 0, NULL, '2026-04-17 12:56:21.495878', false, '2026-05-13 10:52:57.054791', '2026-05-13 10:52:57.054791', 0, 0, 0, NULL);
INSERT INTO public.student_analytics (id, user_id, total_clicks, total_sessions, avg_clicks_per_session, max_clicks_in_session, avg_score, min_score, max_score, total_assessments, completed_tma, completed_cma, completed_exams, previous_attempts, studied_credits, last_activity_at, first_registration_date, is_unregistered, created_at, updated_at, total_lessons_opened, total_time_spent_minutes, avg_time_per_lesson, last_lesson_opened_at) VALUES (17, 48, 0, 0, 0, 0, 0, 0, 0, 0, 0, 0, 0, 0, 0, NULL, '2026-04-17 12:56:21.495878', false, '2026-05-13 10:52:57.054791', '2026-05-13 10:52:57.054791', 0, 0, 0, NULL);
INSERT INTO public.student_analytics (id, user_id, total_clicks, total_sessions, avg_clicks_per_session, max_clicks_in_session, avg_score, min_score, max_score, total_assessments, completed_tma, completed_cma, completed_exams, previous_attempts, studied_credits, last_activity_at, first_registration_date, is_unregistered, created_at, updated_at, total_lessons_opened, total_time_spent_minutes, avg_time_per_lesson, last_lesson_opened_at) VALUES (18, 50, 0, 0, 0, 0, 0, 0, 0, 0, 0, 0, 0, 0, 0, NULL, '2026-04-17 12:56:21.495878', false, '2026-05-13 10:52:57.054791', '2026-05-13 10:52:57.054791', 0, 0, 0, NULL);
INSERT INTO public.student_analytics (id, user_id, total_clicks, total_sessions, avg_clicks_per_session, max_clicks_in_session, avg_score, min_score, max_score, total_assessments, completed_tma, completed_cma, completed_exams, previous_attempts, studied_credits, last_activity_at, first_registration_date, is_unregistered, created_at, updated_at, total_lessons_opened, total_time_spent_minutes, avg_time_per_lesson, last_lesson_opened_at) VALUES (19, 51, 0, 0, 0, 0, 0, 0, 0, 0, 0, 0, 0, 0, 0, NULL, '2026-04-17 12:56:21.495878', false, '2026-05-13 10:52:57.054791', '2026-05-13 10:52:57.054791', 0, 0, 0, NULL);
INSERT INTO public.student_analytics (id, user_id, total_clicks, total_sessions, avg_clicks_per_session, max_clicks_in_session, avg_score, min_score, max_score, total_assessments, completed_tma, completed_cma, completed_exams, previous_attempts, studied_credits, last_activity_at, first_registration_date, is_unregistered, created_at, updated_at, total_lessons_opened, total_time_spent_minutes, avg_time_per_lesson, last_lesson_opened_at) VALUES (20, 57, 850, 45, 18, 35, 88, 75, 95, 15, 5, 5, 5, 2, 60, '2026-05-12 15:17:38.239705', '2026-02-13 15:17:38.239705', false, '2026-05-13 15:17:38.239705', '2026-05-13 15:17:38.239705', 120, 1800, 15, '2026-05-12 15:17:38.239705');
INSERT INTO public.student_analytics (id, user_id, total_clicks, total_sessions, avg_clicks_per_session, max_clicks_in_session, avg_score, min_score, max_score, total_assessments, completed_tma, completed_cma, completed_exams, previous_attempts, studied_credits, last_activity_at, first_registration_date, is_unregistered, created_at, updated_at, total_lessons_opened, total_time_spent_minutes, avg_time_per_lesson, last_lesson_opened_at) VALUES (21, 58, 620, 38, 16, 28, 75, 60, 85, 12, 4, 4, 4, 3, 45, '2026-05-11 15:17:38.239705', '2026-03-13 15:17:38.239705', false, '2026-05-13 15:17:38.239705', '2026-05-13 15:17:38.239705', 95, 1350, 14, '2026-05-11 15:17:38.239705');
INSERT INTO public.student_analytics (id, user_id, total_clicks, total_sessions, avg_clicks_per_session, max_clicks_in_session, avg_score, min_score, max_score, total_assessments, completed_tma, completed_cma, completed_exams, previous_attempts, studied_credits, last_activity_at, first_registration_date, is_unregistered, created_at, updated_at, total_lessons_opened, total_time_spent_minutes, avg_time_per_lesson, last_lesson_opened_at) VALUES (22, 59, 380, 25, 15, 22, 62, 50, 75, 8, 3, 2, 3, 4, 30, '2026-05-10 15:17:38.239705', '2026-04-13 15:17:38.239705', false, '2026-05-13 15:17:38.239705', '2026-05-13 15:17:38.239705', 60, 900, 15, '2026-05-10 15:17:38.239705');
INSERT INTO public.student_analytics (id, user_id, total_clicks, total_sessions, avg_clicks_per_session, max_clicks_in_session, avg_score, min_score, max_score, total_assessments, completed_tma, completed_cma, completed_exams, previous_attempts, studied_credits, last_activity_at, first_registration_date, is_unregistered, created_at, updated_at, total_lessons_opened, total_time_spent_minutes, avg_time_per_lesson, last_lesson_opened_at) VALUES (23, 60, 180, 15, 12, 18, 45, 30, 60, 5, 2, 1, 2, 6, 15, '2026-05-06 15:17:38.239705', '2026-04-13 15:17:38.239705', false, '2026-05-13 15:17:38.239705', '2026-05-13 15:17:38.239705', 35, 450, 12, '2026-05-06 15:17:38.239705');
INSERT INTO public.student_analytics (id, user_id, total_clicks, total_sessions, avg_clicks_per_session, max_clicks_in_session, avg_score, min_score, max_score, total_assessments, completed_tma, completed_cma, completed_exams, previous_attempts, studied_credits, last_activity_at, first_registration_date, is_unregistered, created_at, updated_at, total_lessons_opened, total_time_spent_minutes, avg_time_per_lesson, last_lesson_opened_at) VALUES (24, 61, 95, 8, 11, 15, 32, 20, 45, 3, 1, 0, 2, 8, 10, '2026-04-29 15:17:38.239705', '2026-03-13 15:17:38.239705', false, '2026-05-13 15:17:38.239705', '2026-05-13 15:17:38.239705', 18, 240, 13, '2026-04-29 15:17:38.239705');
INSERT INTO public.student_analytics (id, user_id, total_clicks, total_sessions, avg_clicks_per_session, max_clicks_in_session, avg_score, min_score, max_score, total_assessments, completed_tma, completed_cma, completed_exams, previous_attempts, studied_credits, last_activity_at, first_registration_date, is_unregistered, created_at, updated_at, total_lessons_opened, total_time_spent_minutes, avg_time_per_lesson, last_lesson_opened_at) VALUES (1, 1, 546, 63, 8, 50, 75, 60, 90, 10, 0, 4, 0, 0, 30, '2026-05-13 15:59:53.204514', '2026-04-14 16:32:04.105269', false, '2026-05-13 10:52:57.054791', '2026-05-13 15:59:53.25951', 1, 0, 0, '2026-05-13 15:23:14.65711');


--
-- Data for Name: user_sessions; Type: TABLE DATA; Schema: public; Owner: postgres
--

INSERT INTO public.user_sessions (id, browser_name, browser_version, city, country, created_at, device_info, device_type, expires_at, ip_address, isp, last_activity, last_login_at, login_count, operating_system, refresh_token_id, session_token, status, is_suspicious, suspicious_reasons, terminated_at, termination_reason, user_id) VALUES (13, 'Chrome', '147.0.0.0', 'Local', 'Local Network', '2026-04-14 17:43:38.020846', 'Mozilla/5.0 (Windows NT 10.0; Win64; x64) AppleWebKit/537.36 (KHTML, like Gecko) Chrome/147.0.0.0 Safari/537.36', 'DESKTOP', '2026-04-21 17:43:38.007355', '0:0:0:0:0:0:0:1', 'Local ISP', '2026-04-14 17:43:38.020846', '2026-04-14 17:43:38.020846', 0, 'Windows', NULL, 'sess_304afd6283d447d89442b821f0ec22dd', 'SUSPICIOUS', true, 'Multiple sessions from same IP address in short time', NULL, NULL, 3);
INSERT INTO public.user_sessions (id, browser_name, browser_version, city, country, created_at, device_info, device_type, expires_at, ip_address, isp, last_activity, last_login_at, login_count, operating_system, refresh_token_id, session_token, status, is_suspicious, suspicious_reasons, terminated_at, termination_reason, user_id) VALUES (15, 'Chrome', '147.0.0.0', 'Local', 'Local Network', '2026-04-14 17:55:39.038536', 'Mozilla/5.0 (Windows NT 10.0; Win64; x64) AppleWebKit/537.36 (KHTML, like Gecko) Chrome/147.0.0.0 Safari/537.36', 'DESKTOP', '2026-04-21 17:55:39.025537', '0:0:0:0:0:0:0:1', 'Local ISP', '2026-04-14 17:55:39.038536', '2026-04-14 17:55:39.038536', 0, 'Windows', NULL, 'sess_72476b59f281409980d7dd1afea17753', 'SUSPICIOUS', true, 'Multiple sessions from same IP address in short time', NULL, NULL, 7);
INSERT INTO public.user_sessions (id, browser_name, browser_version, city, country, created_at, device_info, device_type, expires_at, ip_address, isp, last_activity, last_login_at, login_count, operating_system, refresh_token_id, session_token, status, is_suspicious, suspicious_reasons, terminated_at, termination_reason, user_id) VALUES (16, 'Chrome', '147.0.0.0', 'Local', 'Local Network', '2026-04-14 17:59:01.545855', 'Mozilla/5.0 (Windows NT 10.0; Win64; x64) AppleWebKit/537.36 (KHTML, like Gecko) Chrome/147.0.0.0 Safari/537.36', 'DESKTOP', '2026-04-21 17:59:01.480855', '0:0:0:0:0:0:0:1', 'Local ISP', '2026-04-14 17:59:01.545855', '2026-04-14 17:59:01.545855', 0, 'Windows', NULL, 'sess_2a2a11df73fc407da01f5aba539efd0f', 'SUSPICIOUS', true, 'Multiple sessions from same IP address in short time', NULL, NULL, 7);
INSERT INTO public.user_sessions (id, browser_name, browser_version, city, country, created_at, device_info, device_type, expires_at, ip_address, isp, last_activity, last_login_at, login_count, operating_system, refresh_token_id, session_token, status, is_suspicious, suspicious_reasons, terminated_at, termination_reason, user_id) VALUES (18, 'Chrome', '147.0.0.0', 'Local', 'Local Network', '2026-04-14 18:17:44.756211', 'Mozilla/5.0 (Windows NT 10.0; Win64; x64) AppleWebKit/537.36 (KHTML, like Gecko) Chrome/147.0.0.0 Safari/537.36', 'DESKTOP', '2026-04-21 18:17:44.742211', '0:0:0:0:0:0:0:1', 'Local ISP', '2026-04-14 18:17:44.756211', '2026-04-14 18:17:44.756211', 0, 'Windows', NULL, 'sess_6277453d195b414dafb394dba1481695', 'SUSPICIOUS', true, 'Multiple sessions from same IP address in short time', NULL, NULL, 1);
INSERT INTO public.user_sessions (id, browser_name, browser_version, city, country, created_at, device_info, device_type, expires_at, ip_address, isp, last_activity, last_login_at, login_count, operating_system, refresh_token_id, session_token, status, is_suspicious, suspicious_reasons, terminated_at, termination_reason, user_id) VALUES (1, 'Chrome', '147.0.0.0', 'Local', 'Local Network', '2026-04-14 16:35:14.661749', 'Mozilla/5.0 (Windows NT 10.0; Win64; x64) AppleWebKit/537.36 (KHTML, like Gecko) Chrome/147.0.0.0 Safari/537.36', 'DESKTOP', '2026-04-21 16:35:14.64175', '0:0:0:0:0:0:0:1', 'Local ISP', '2026-04-14 16:35:14.661749', '2026-04-14 16:35:14.661749', 0, 'Windows', NULL, 'sess_8efd82b702c543fb91f8d82a79cca219', 'EXPIRED', false, NULL, NULL, NULL, 1);
INSERT INTO public.user_sessions (id, browser_name, browser_version, city, country, created_at, device_info, device_type, expires_at, ip_address, isp, last_activity, last_login_at, login_count, operating_system, refresh_token_id, session_token, status, is_suspicious, suspicious_reasons, terminated_at, termination_reason, user_id) VALUES (2, 'Chrome', '147.0.0.0', 'Local', 'Local Network', '2026-04-14 16:44:52.553737', 'Mozilla/5.0 (Windows NT 10.0; Win64; x64) AppleWebKit/537.36 (KHTML, like Gecko) Chrome/147.0.0.0 Safari/537.36', 'DESKTOP', '2026-04-21 16:44:52.543737', '0:0:0:0:0:0:0:1', 'Local ISP', '2026-04-14 16:44:52.553737', '2026-04-14 16:44:52.553737', 0, 'Windows', NULL, 'sess_0083e1404bd64c389c5329618a6b0d6e', 'EXPIRED', false, NULL, NULL, NULL, 2);
INSERT INTO public.user_sessions (id, browser_name, browser_version, city, country, created_at, device_info, device_type, expires_at, ip_address, isp, last_activity, last_login_at, login_count, operating_system, refresh_token_id, session_token, status, is_suspicious, suspicious_reasons, terminated_at, termination_reason, user_id) VALUES (3, 'Chrome', '147.0.0.0', 'Local', 'Local Network', '2026-04-14 16:50:57.078979', 'Mozilla/5.0 (Windows NT 10.0; Win64; x64) AppleWebKit/537.36 (KHTML, like Gecko) Chrome/147.0.0.0 Safari/537.36', 'DESKTOP', '2026-04-21 16:50:57.06398', '0:0:0:0:0:0:0:1', 'Local ISP', '2026-04-14 16:50:57.078979', '2026-04-14 16:50:57.078979', 0, 'Windows', NULL, 'sess_11bb363509584673954e54a8832ce756', 'EXPIRED', false, NULL, NULL, NULL, 2);
INSERT INTO public.user_sessions (id, browser_name, browser_version, city, country, created_at, device_info, device_type, expires_at, ip_address, isp, last_activity, last_login_at, login_count, operating_system, refresh_token_id, session_token, status, is_suspicious, suspicious_reasons, terminated_at, termination_reason, user_id) VALUES (4, 'Chrome', '147.0.0.0', 'Local', 'Local Network', '2026-04-14 17:05:24.971319', 'Mozilla/5.0 (Windows NT 10.0; Win64; x64) AppleWebKit/537.36 (KHTML, like Gecko) Chrome/147.0.0.0 Safari/537.36', 'DESKTOP', '2026-04-21 17:05:24.9538', '0:0:0:0:0:0:0:1', 'Local ISP', '2026-04-14 17:05:24.971319', '2026-04-14 17:05:24.971319', 0, 'Windows', NULL, 'sess_4bf6189220744517b5fd8338c58741e1', 'EXPIRED', false, NULL, NULL, NULL, 2);
INSERT INTO public.user_sessions (id, browser_name, browser_version, city, country, created_at, device_info, device_type, expires_at, ip_address, isp, last_activity, last_login_at, login_count, operating_system, refresh_token_id, session_token, status, is_suspicious, suspicious_reasons, terminated_at, termination_reason, user_id) VALUES (34, 'Chrome', '147.0.0.0', 'Local', 'Local Network', '2026-04-15 15:14:05.221052', 'Mozilla/5.0 (Windows NT 10.0; Win64; x64) AppleWebKit/537.36 (KHTML, like Gecko) Chrome/147.0.0.0 Safari/537.36', 'DESKTOP', '2026-04-22 15:14:05.181053', '0:0:0:0:0:0:0:1', 'Local ISP', '2026-04-15 15:26:52.864719', '2026-04-15 15:14:05.221052', 0, 'Windows', NULL, 'sess_3cfa5d0c1044443ab2cb2a10fb48df83', 'TERMINATED', false, NULL, '2026-04-15 15:26:52.846717', 'CONCURRENT_LOGIN_LIMIT', 5);
INSERT INTO public.user_sessions (id, browser_name, browser_version, city, country, created_at, device_info, device_type, expires_at, ip_address, isp, last_activity, last_login_at, login_count, operating_system, refresh_token_id, session_token, status, is_suspicious, suspicious_reasons, terminated_at, termination_reason, user_id) VALUES (35, 'Chrome', '147.0.0.0', 'Local', 'Local Network', '2026-04-15 15:17:26.230785', 'Mozilla/5.0 (Windows NT 10.0; Win64; x64) AppleWebKit/537.36 (KHTML, like Gecko) Chrome/147.0.0.0 Safari/537.36', 'DESKTOP', '2026-04-22 15:17:26.198686', '0:0:0:0:0:0:0:1', 'Local ISP', '2026-04-15 15:27:20.046044', '2026-04-15 15:17:26.230785', 0, 'Windows', NULL, 'sess_ed125f64256d43f7868951ca600d3994', 'TERMINATED', false, NULL, '2026-04-15 15:27:20.045033', 'USER_LOGOUT', 5);
INSERT INTO public.user_sessions (id, browser_name, browser_version, city, country, created_at, device_info, device_type, expires_at, ip_address, isp, last_activity, last_login_at, login_count, operating_system, refresh_token_id, session_token, status, is_suspicious, suspicious_reasons, terminated_at, termination_reason, user_id) VALUES (36, 'Chrome', '147.0.0.0', 'Local', 'Local Network', '2026-04-15 15:18:00.043579', 'Mozilla/5.0 (Windows NT 10.0; Win64; x64) AppleWebKit/537.36 (KHTML, like Gecko) Chrome/147.0.0.0 Safari/537.36', 'DESKTOP', '2026-04-22 15:18:00.031576', '0:0:0:0:0:0:0:1', 'Local ISP', '2026-04-15 15:27:22.216696', '2026-04-15 15:18:00.043579', 0, 'Windows', NULL, 'sess_b35ac46f4dd9444e935640a8f7754022', 'TERMINATED', false, NULL, '2026-04-15 15:27:22.216696', 'USER_LOGOUT', 5);
INSERT INTO public.user_sessions (id, browser_name, browser_version, city, country, created_at, device_info, device_type, expires_at, ip_address, isp, last_activity, last_login_at, login_count, operating_system, refresh_token_id, session_token, status, is_suspicious, suspicious_reasons, terminated_at, termination_reason, user_id) VALUES (37, 'Chrome', '147.0.0.0', 'Local', 'Local Network', '2026-04-15 15:21:52.771541', 'Mozilla/5.0 (Windows NT 10.0; Win64; x64) AppleWebKit/537.36 (KHTML, like Gecko) Chrome/147.0.0.0 Safari/537.36', 'DESKTOP', '2026-04-22 15:21:52.757576', '0:0:0:0:0:0:0:1', 'Local ISP', '2026-04-15 15:27:24.11992', '2026-04-15 15:21:52.771541', 0, 'Windows', NULL, 'sess_9fed39aa533d4c85989753f104dc50e3', 'TERMINATED', false, NULL, '2026-04-15 15:27:24.118798', 'USER_LOGOUT', 5);
INSERT INTO public.user_sessions (id, browser_name, browser_version, city, country, created_at, device_info, device_type, expires_at, ip_address, isp, last_activity, last_login_at, login_count, operating_system, refresh_token_id, session_token, status, is_suspicious, suspicious_reasons, terminated_at, termination_reason, user_id) VALUES (39, 'Chrome', '147.0.0.0', 'Local', 'Local Network', '2026-04-15 15:26:52.945719', 'Mozilla/5.0 (Windows NT 10.0; Win64; x64) AppleWebKit/537.36 (KHTML, like Gecko) Chrome/147.0.0.0 Safari/537.36', 'DESKTOP', '2026-04-22 15:26:52.858717', '0:0:0:0:0:0:0:1', 'Local ISP', '2026-04-15 15:27:26.639126', '2026-04-15 15:26:52.945719', 0, 'Windows', NULL, 'sess_73b6f592fbfd49c787ae91942836fe95', 'TERMINATED', false, NULL, '2026-04-15 15:27:26.638126', 'USER_LOGOUT', 5);
INSERT INTO public.user_sessions (id, browser_name, browser_version, city, country, created_at, device_info, device_type, expires_at, ip_address, isp, last_activity, last_login_at, login_count, operating_system, refresh_token_id, session_token, status, is_suspicious, suspicious_reasons, terminated_at, termination_reason, user_id) VALUES (41, 'Chrome', '147.0.0.0', 'Local', 'Local Network', '2026-04-15 15:36:58.214642', 'Mozilla/5.0 (Windows NT 10.0; Win64; x64) AppleWebKit/537.36 (KHTML, like Gecko) Chrome/147.0.0.0 Safari/537.36', 'DESKTOP', '2026-04-22 15:36:58.205643', '0:0:0:0:0:0:0:1', 'Local ISP', '2026-04-15 15:36:58.214642', '2026-04-15 15:36:58.214642', 0, 'Windows', NULL, 'sess_b63177aa6e4643e29dc8ff5bc0340bb4', 'SUSPICIOUS', true, 'Multiple sessions from same IP address in short time', NULL, NULL, 11);
INSERT INTO public.user_sessions (id, browser_name, browser_version, city, country, created_at, device_info, device_type, expires_at, ip_address, isp, last_activity, last_login_at, login_count, operating_system, refresh_token_id, session_token, status, is_suspicious, suspicious_reasons, terminated_at, termination_reason, user_id) VALUES (20, 'Chrome', '147.0.0.0', 'Local', 'Local Network', '2026-04-15 00:43:29.887351', 'Mozilla/5.0 (Windows NT 10.0; Win64; x64) AppleWebKit/537.36 (KHTML, like Gecko) Chrome/147.0.0.0 Safari/537.36', 'DESKTOP', '2026-04-22 00:43:29.880351', '0:0:0:0:0:0:0:1', 'Local ISP', '2026-04-15 00:43:29.887351', '2026-04-15 00:43:29.887351', 0, 'Windows', NULL, 'sess_a1887d9f992f4c40a60b35e1c78725e6', 'EXPIRED', false, NULL, NULL, NULL, 1);
INSERT INTO public.user_sessions (id, browser_name, browser_version, city, country, created_at, device_info, device_type, expires_at, ip_address, isp, last_activity, last_login_at, login_count, operating_system, refresh_token_id, session_token, status, is_suspicious, suspicious_reasons, terminated_at, termination_reason, user_id) VALUES (21, 'Chrome', '147.0.0.0', 'Local', 'Local Network', '2026-04-15 00:56:42.087394', 'Mozilla/5.0 (Windows NT 10.0; Win64; x64) AppleWebKit/537.36 (KHTML, like Gecko) Chrome/147.0.0.0 Safari/537.36', 'DESKTOP', '2026-04-22 00:56:42.053395', '0:0:0:0:0:0:0:1', 'Local ISP', '2026-04-15 00:56:42.087394', '2026-04-15 00:56:42.087394', 0, 'Windows', NULL, 'sess_36c4cd6457b448fda738baf28495b6eb', 'EXPIRED', false, NULL, NULL, NULL, 1);
INSERT INTO public.user_sessions (id, browser_name, browser_version, city, country, created_at, device_info, device_type, expires_at, ip_address, isp, last_activity, last_login_at, login_count, operating_system, refresh_token_id, session_token, status, is_suspicious, suspicious_reasons, terminated_at, termination_reason, user_id) VALUES (42, 'Chrome', '147.0.0.0', 'Local', 'Local Network', '2026-04-15 15:44:34.08557', 'Mozilla/5.0 (Windows NT 10.0; Win64; x64) AppleWebKit/537.36 (KHTML, like Gecko) Chrome/147.0.0.0 Safari/537.36', 'DESKTOP', '2026-04-22 15:44:34.071571', '0:0:0:0:0:0:0:1', 'Local ISP', '2026-04-15 15:44:34.08557', '2026-04-15 15:44:34.08557', 0, 'Windows', NULL, 'sess_7030342a0c8745d4a90ac9028bfb2a2b', 'SUSPICIOUS', true, 'Multiple sessions from same IP address in short time', NULL, NULL, 11);
INSERT INTO public.user_sessions (id, browser_name, browser_version, city, country, created_at, device_info, device_type, expires_at, ip_address, isp, last_activity, last_login_at, login_count, operating_system, refresh_token_id, session_token, status, is_suspicious, suspicious_reasons, terminated_at, termination_reason, user_id) VALUES (43, 'Chrome', '147.0.0.0', 'Local', 'Local Network', '2026-04-15 15:45:16.590405', 'Mozilla/5.0 (Windows NT 10.0; Win64; x64) AppleWebKit/537.36 (KHTML, like Gecko) Chrome/147.0.0.0 Safari/537.36', 'DESKTOP', '2026-04-22 15:45:16.578203', '0:0:0:0:0:0:0:1', 'Local ISP', '2026-04-15 15:45:16.590405', '2026-04-15 15:45:16.590405', 0, 'Windows', NULL, 'sess_0452e7aa27a440a9a085e1456be16825', 'SUSPICIOUS', true, 'Multiple sessions from same IP address in short time', NULL, NULL, 12);
INSERT INTO public.user_sessions (id, browser_name, browser_version, city, country, created_at, device_info, device_type, expires_at, ip_address, isp, last_activity, last_login_at, login_count, operating_system, refresh_token_id, session_token, status, is_suspicious, suspicious_reasons, terminated_at, termination_reason, user_id) VALUES (44, 'Chrome', '147.0.0.0', 'Local', 'Local Network', '2026-04-15 15:48:52.356847', 'Mozilla/5.0 (Windows NT 10.0; Win64; x64) AppleWebKit/537.36 (KHTML, like Gecko) Chrome/147.0.0.0 Safari/537.36', 'DESKTOP', '2026-04-22 15:48:52.347843', '0:0:0:0:0:0:0:1', 'Local ISP', '2026-04-15 15:48:52.356847', '2026-04-15 15:48:52.356847', 0, 'Windows', NULL, 'sess_1d0b05f9ffdd4436bea2bf628989d32b', 'SUSPICIOUS', true, 'Multiple sessions from same IP address in short time', NULL, NULL, 13);
INSERT INTO public.user_sessions (id, browser_name, browser_version, city, country, created_at, device_info, device_type, expires_at, ip_address, isp, last_activity, last_login_at, login_count, operating_system, refresh_token_id, session_token, status, is_suspicious, suspicious_reasons, terminated_at, termination_reason, user_id) VALUES (45, 'Chrome', '147.0.0.0', 'Local', 'Local Network', '2026-04-15 15:50:51.95427', 'Mozilla/5.0 (Windows NT 10.0; Win64; x64) AppleWebKit/537.36 (KHTML, like Gecko) Chrome/147.0.0.0 Safari/537.36', 'DESKTOP', '2026-04-22 15:50:51.91227', '0:0:0:0:0:0:0:1', 'Local ISP', '2026-04-15 15:50:51.95427', '2026-04-15 15:50:51.95427', 0, 'Windows', NULL, 'sess_a04e802b22f04aa4a7658fb3afeed91e', 'SUSPICIOUS', true, 'Multiple sessions from same IP address in short time', NULL, NULL, 13);
INSERT INTO public.user_sessions (id, browser_name, browser_version, city, country, created_at, device_info, device_type, expires_at, ip_address, isp, last_activity, last_login_at, login_count, operating_system, refresh_token_id, session_token, status, is_suspicious, suspicious_reasons, terminated_at, termination_reason, user_id) VALUES (46, 'Chrome', '147.0.0.0', 'Local', 'Local Network', '2026-04-15 15:52:37.498761', 'Mozilla/5.0 (Windows NT 10.0; Win64; x64) AppleWebKit/537.36 (KHTML, like Gecko) Chrome/147.0.0.0 Safari/537.36', 'DESKTOP', '2026-04-22 15:52:37.485761', '0:0:0:0:0:0:0:1', 'Local ISP', '2026-04-15 15:52:37.498761', '2026-04-15 15:52:37.498761', 0, 'Windows', NULL, 'sess_36945b4d53ec408b996bdf1e8bd5509c', 'SUSPICIOUS', true, 'Multiple sessions from same IP address in short time', NULL, NULL, 13);
INSERT INTO public.user_sessions (id, browser_name, browser_version, city, country, created_at, device_info, device_type, expires_at, ip_address, isp, last_activity, last_login_at, login_count, operating_system, refresh_token_id, session_token, status, is_suspicious, suspicious_reasons, terminated_at, termination_reason, user_id) VALUES (47, 'Chrome', '147.0.0.0', 'Local', 'Local Network', '2026-04-15 16:03:36.492836', 'Mozilla/5.0 (Windows NT 10.0; Win64; x64) AppleWebKit/537.36 (KHTML, like Gecko) Chrome/147.0.0.0 Safari/537.36', 'DESKTOP', '2026-04-22 16:03:36.48584', '0:0:0:0:0:0:0:1', 'Local ISP', '2026-04-15 16:03:36.492836', '2026-04-15 16:03:36.492836', 0, 'Windows', NULL, 'sess_97df77a7420b4d04a3fae3ee6f378b27', 'SUSPICIOUS', true, 'Multiple sessions from same IP address in short time', NULL, NULL, 13);
INSERT INTO public.user_sessions (id, browser_name, browser_version, city, country, created_at, device_info, device_type, expires_at, ip_address, isp, last_activity, last_login_at, login_count, operating_system, refresh_token_id, session_token, status, is_suspicious, suspicious_reasons, terminated_at, termination_reason, user_id) VALUES (48, 'Chrome', '147.0.0.0', 'Local', 'Local Network', '2026-04-15 16:04:02.282751', 'Mozilla/5.0 (Windows NT 10.0; Win64; x64) AppleWebKit/537.36 (KHTML, like Gecko) Chrome/147.0.0.0 Safari/537.36', 'DESKTOP', '2026-04-22 16:04:02.27275', '0:0:0:0:0:0:0:1', 'Local ISP', '2026-04-15 16:04:02.282751', '2026-04-15 16:04:02.282751', 0, 'Windows', NULL, 'sess_80fb12648ee149f090c6ce44617b9c7f', 'SUSPICIOUS', true, 'Multiple sessions from same IP address in short time', NULL, NULL, 13);
INSERT INTO public.user_sessions (id, browser_name, browser_version, city, country, created_at, device_info, device_type, expires_at, ip_address, isp, last_activity, last_login_at, login_count, operating_system, refresh_token_id, session_token, status, is_suspicious, suspicious_reasons, terminated_at, termination_reason, user_id) VALUES (49, 'Chrome', '147.0.0.0', 'Local', 'Local Network', '2026-04-15 16:06:23.187119', 'Mozilla/5.0 (Windows NT 10.0; Win64; x64) AppleWebKit/537.36 (KHTML, like Gecko) Chrome/147.0.0.0 Safari/537.36', 'DESKTOP', '2026-04-22 16:06:23.166675', '0:0:0:0:0:0:0:1', 'Local ISP', '2026-04-15 16:06:23.187119', '2026-04-15 16:06:23.187119', 0, 'Windows', NULL, 'sess_fd350d5ef4124144a32573cf1205f947', 'SUSPICIOUS', true, 'Multiple sessions from same IP address in short time', NULL, NULL, 7);
INSERT INTO public.user_sessions (id, browser_name, browser_version, city, country, created_at, device_info, device_type, expires_at, ip_address, isp, last_activity, last_login_at, login_count, operating_system, refresh_token_id, session_token, status, is_suspicious, suspicious_reasons, terminated_at, termination_reason, user_id) VALUES (51, 'Chrome', '147.0.0.0', 'Local', 'Local Network', '2026-04-15 16:31:06.919897', 'Mozilla/5.0 (Windows NT 10.0; Win64; x64) AppleWebKit/537.36 (KHTML, like Gecko) Chrome/147.0.0.0 Safari/537.36', 'DESKTOP', '2026-04-22 16:31:06.911871', '0:0:0:0:0:0:0:1', 'Local ISP', '2026-04-15 16:31:06.919897', '2026-04-15 16:31:06.919897', 0, 'Windows', NULL, 'sess_655525f54a8f4d2d95841ea24f3fc074', 'SUSPICIOUS', true, 'Multiple sessions from same IP address in short time', NULL, NULL, 13);
INSERT INTO public.user_sessions (id, browser_name, browser_version, city, country, created_at, device_info, device_type, expires_at, ip_address, isp, last_activity, last_login_at, login_count, operating_system, refresh_token_id, session_token, status, is_suspicious, suspicious_reasons, terminated_at, termination_reason, user_id) VALUES (33, 'Chrome', '147.0.0.0', 'Local', 'Local Network', '2026-04-15 15:11:23.919494', 'Mozilla/5.0 (Windows NT 10.0; Win64; x64) AppleWebKit/537.36 (KHTML, like Gecko) Chrome/147.0.0.0 Safari/537.36', 'DESKTOP', '2026-04-22 15:11:23.894495', '0:0:0:0:0:0:0:1', 'Local ISP', '2026-04-15 15:11:23.919494', '2026-04-15 15:11:23.919494', 0, 'Windows', NULL, 'sess_6d084ebbfe1546b68f0f7e40cce9a81e', 'EXPIRED', false, NULL, NULL, NULL, 2);
INSERT INTO public.user_sessions (id, browser_name, browser_version, city, country, created_at, device_info, device_type, expires_at, ip_address, isp, last_activity, last_login_at, login_count, operating_system, refresh_token_id, session_token, status, is_suspicious, suspicious_reasons, terminated_at, termination_reason, user_id) VALUES (50, 'Chrome', '147.0.0.0', 'Local', 'Local Network', '2026-04-15 16:28:25.642823', 'Mozilla/5.0 (Windows NT 10.0; Win64; x64) AppleWebKit/537.36 (KHTML, like Gecko) Chrome/147.0.0.0 Safari/537.36', 'DESKTOP', '2026-04-22 16:28:25.593823', '0:0:0:0:0:0:0:1', 'Local ISP', '2026-04-15 16:28:25.642823', '2026-04-15 16:28:25.642823', 0, 'Windows', NULL, 'sess_bbdca0052c8143fba2e07700f5bc3a56', 'EXPIRED', false, NULL, NULL, NULL, 13);
INSERT INTO public.user_sessions (id, browser_name, browser_version, city, country, created_at, device_info, device_type, expires_at, ip_address, isp, last_activity, last_login_at, login_count, operating_system, refresh_token_id, session_token, status, is_suspicious, suspicious_reasons, terminated_at, termination_reason, user_id) VALUES (5, 'Chrome', '147.0.0.0', 'Local', 'Local Network', '2026-04-14 17:08:02.144017', 'Mozilla/5.0 (Windows NT 10.0; Win64; x64) AppleWebKit/537.36 (KHTML, like Gecko) Chrome/147.0.0.0 Safari/537.36', 'DESKTOP', '2026-04-21 17:08:02.135503', '0:0:0:0:0:0:0:1', 'Local ISP', '2026-04-14 17:08:02.144017', '2026-04-14 17:08:02.144017', 0, 'Windows', NULL, 'sess_d9262f71a2094d3591746fe6c33a413a', 'EXPIRED', false, NULL, NULL, NULL, 2);
INSERT INTO public.user_sessions (id, browser_name, browser_version, city, country, created_at, device_info, device_type, expires_at, ip_address, isp, last_activity, last_login_at, login_count, operating_system, refresh_token_id, session_token, status, is_suspicious, suspicious_reasons, terminated_at, termination_reason, user_id) VALUES (6, 'Chrome', '147.0.0.0', 'Local', 'Local Network', '2026-04-14 17:11:18.274678', 'Mozilla/5.0 (Windows NT 10.0; Win64; x64) AppleWebKit/537.36 (KHTML, like Gecko) Chrome/147.0.0.0 Safari/537.36', 'DESKTOP', '2026-04-21 17:11:18.262679', '0:0:0:0:0:0:0:1', 'Local ISP', '2026-04-14 17:11:18.274678', '2026-04-14 17:11:18.274678', 0, 'Windows', NULL, 'sess_142b7533ebe44f06980251b8a5682aff', 'EXPIRED', false, NULL, NULL, NULL, 2);
INSERT INTO public.user_sessions (id, browser_name, browser_version, city, country, created_at, device_info, device_type, expires_at, ip_address, isp, last_activity, last_login_at, login_count, operating_system, refresh_token_id, session_token, status, is_suspicious, suspicious_reasons, terminated_at, termination_reason, user_id) VALUES (7, 'Chrome', '147.0.0.0', 'Local', 'Local Network', '2026-04-14 17:21:05.1226', 'Mozilla/5.0 (Windows NT 10.0; Win64; x64) AppleWebKit/537.36 (KHTML, like Gecko) Chrome/147.0.0.0 Safari/537.36', 'DESKTOP', '2026-04-21 17:21:05.100082', '0:0:0:0:0:0:0:1', 'Local ISP', '2026-04-14 17:21:05.1226', '2026-04-14 17:21:05.1226', 0, 'Windows', NULL, 'sess_b6cbae9f49fa4ddb81c17354ddfec053', 'EXPIRED', false, NULL, NULL, NULL, 5);
INSERT INTO public.user_sessions (id, browser_name, browser_version, city, country, created_at, device_info, device_type, expires_at, ip_address, isp, last_activity, last_login_at, login_count, operating_system, refresh_token_id, session_token, status, is_suspicious, suspicious_reasons, terminated_at, termination_reason, user_id) VALUES (8, 'Chrome', '147.0.0.0', 'Local', 'Local Network', '2026-04-14 17:37:11.780579', 'Mozilla/5.0 (Windows NT 10.0; Win64; x64) AppleWebKit/537.36 (KHTML, like Gecko) Chrome/147.0.0.0 Safari/537.36', 'DESKTOP', '2026-04-21 17:37:11.764578', '0:0:0:0:0:0:0:1', 'Local ISP', '2026-04-14 17:37:11.780579', '2026-04-14 17:37:11.780579', 0, 'Windows', NULL, 'sess_ba7d83361b514b3880b3289faa5c025f', 'EXPIRED', false, NULL, NULL, NULL, 3);
INSERT INTO public.user_sessions (id, browser_name, browser_version, city, country, created_at, device_info, device_type, expires_at, ip_address, isp, last_activity, last_login_at, login_count, operating_system, refresh_token_id, session_token, status, is_suspicious, suspicious_reasons, terminated_at, termination_reason, user_id) VALUES (9, 'Chrome', '147.0.0.0', 'Local', 'Local Network', '2026-04-14 17:38:08.352372', 'Mozilla/5.0 (Windows NT 10.0; Win64; x64) AppleWebKit/537.36 (KHTML, like Gecko) Chrome/147.0.0.0 Safari/537.36', 'DESKTOP', '2026-04-21 17:38:08.33237', '0:0:0:0:0:0:0:1', 'Local ISP', '2026-04-14 17:38:08.352372', '2026-04-14 17:38:08.352372', 0, 'Windows', NULL, 'sess_04ff8dcdf44042bb82878b18de574a14', 'EXPIRED', false, NULL, NULL, NULL, 3);
INSERT INTO public.user_sessions (id, browser_name, browser_version, city, country, created_at, device_info, device_type, expires_at, ip_address, isp, last_activity, last_login_at, login_count, operating_system, refresh_token_id, session_token, status, is_suspicious, suspicious_reasons, terminated_at, termination_reason, user_id) VALUES (10, 'Chrome', '147.0.0.0', 'Local', 'Local Network', '2026-04-14 17:41:18.184215', 'Mozilla/5.0 (Windows NT 10.0; Win64; x64) AppleWebKit/537.36 (KHTML, like Gecko) Chrome/147.0.0.0 Safari/537.36', 'DESKTOP', '2026-04-21 17:41:18.073216', '0:0:0:0:0:0:0:1', 'Local ISP', '2026-04-14 17:41:18.184215', '2026-04-14 17:41:18.184215', 0, 'Windows', NULL, 'sess_99351b3a7dc44e949d683437f990ec63', 'EXPIRED', false, NULL, NULL, NULL, 3);
INSERT INTO public.user_sessions (id, browser_name, browser_version, city, country, created_at, device_info, device_type, expires_at, ip_address, isp, last_activity, last_login_at, login_count, operating_system, refresh_token_id, session_token, status, is_suspicious, suspicious_reasons, terminated_at, termination_reason, user_id) VALUES (11, 'Chrome', '147.0.0.0', 'Local', 'Local Network', '2026-04-14 17:42:16.2561', 'Mozilla/5.0 (Windows NT 10.0; Win64; x64) AppleWebKit/537.36 (KHTML, like Gecko) Chrome/147.0.0.0 Safari/537.36', 'DESKTOP', '2026-04-21 17:42:16.2051', '0:0:0:0:0:0:0:1', 'Local ISP', '2026-04-14 17:42:16.2561', '2026-04-14 17:42:16.2561', 0, 'Windows', NULL, 'sess_131858d4f7fc4e8389190e3eb09d5b33', 'EXPIRED', false, NULL, NULL, NULL, 1);
INSERT INTO public.user_sessions (id, browser_name, browser_version, city, country, created_at, device_info, device_type, expires_at, ip_address, isp, last_activity, last_login_at, login_count, operating_system, refresh_token_id, session_token, status, is_suspicious, suspicious_reasons, terminated_at, termination_reason, user_id) VALUES (12, 'Chrome', '147.0.0.0', 'Local', 'Local Network', '2026-04-14 17:42:29.970464', 'Mozilla/5.0 (Windows NT 10.0; Win64; x64) AppleWebKit/537.36 (KHTML, like Gecko) Chrome/147.0.0.0 Safari/537.36', 'DESKTOP', '2026-04-21 17:42:29.953465', '0:0:0:0:0:0:0:1', 'Local ISP', '2026-04-14 17:42:29.970464', '2026-04-14 17:42:29.970464', 0, 'Windows', NULL, 'sess_5c7b80987138465898820b49f8e4090d', 'EXPIRED', false, NULL, NULL, NULL, 2);
INSERT INTO public.user_sessions (id, browser_name, browser_version, city, country, created_at, device_info, device_type, expires_at, ip_address, isp, last_activity, last_login_at, login_count, operating_system, refresh_token_id, session_token, status, is_suspicious, suspicious_reasons, terminated_at, termination_reason, user_id) VALUES (14, 'Chrome', '147.0.0.0', 'Local', 'Local Network', '2026-04-14 17:51:31.619283', 'Mozilla/5.0 (Windows NT 10.0; Win64; x64) AppleWebKit/537.36 (KHTML, like Gecko) Chrome/147.0.0.0 Safari/537.36', 'DESKTOP', '2026-04-21 17:51:31.424909', '0:0:0:0:0:0:0:1', 'Local ISP', '2026-04-14 17:51:31.619283', '2026-04-14 17:51:31.619283', 0, 'Windows', NULL, 'sess_d3b35d5f11834f1eb867b80517fa4371', 'EXPIRED', false, NULL, NULL, NULL, 7);
INSERT INTO public.user_sessions (id, browser_name, browser_version, city, country, created_at, device_info, device_type, expires_at, ip_address, isp, last_activity, last_login_at, login_count, operating_system, refresh_token_id, session_token, status, is_suspicious, suspicious_reasons, terminated_at, termination_reason, user_id) VALUES (17, 'Chrome', '147.0.0.0', 'Local', 'Local Network', '2026-04-14 18:16:30.08933', 'Mozilla/5.0 (Windows NT 10.0; Win64; x64) AppleWebKit/537.36 (KHTML, like Gecko) Chrome/147.0.0.0 Safari/537.36', 'DESKTOP', '2026-04-21 18:16:30.063333', '0:0:0:0:0:0:0:1', 'Local ISP', '2026-04-14 18:16:30.08933', '2026-04-14 18:16:30.08933', 0, 'Windows', NULL, 'sess_c63b727c600742a8adc78511fc92eda5', 'EXPIRED', false, NULL, NULL, NULL, 10);
INSERT INTO public.user_sessions (id, browser_name, browser_version, city, country, created_at, device_info, device_type, expires_at, ip_address, isp, last_activity, last_login_at, login_count, operating_system, refresh_token_id, session_token, status, is_suspicious, suspicious_reasons, terminated_at, termination_reason, user_id) VALUES (55, 'Chrome', '147.0.0.0', 'Local', 'Local Network', '2026-04-15 17:14:49.145848', 'Mozilla/5.0 (Windows NT 10.0; Win64; x64) AppleWebKit/537.36 (KHTML, like Gecko) Chrome/147.0.0.0 Safari/537.36', 'DESKTOP', '2026-04-22 17:14:49.136848', '0:0:0:0:0:0:0:1', 'Local ISP', '2026-04-15 17:14:49.145848', '2026-04-15 17:14:49.145848', 0, 'Windows', NULL, 'sess_0ffec97fe204425dac6752e34502069a', 'EXPIRED', false, NULL, NULL, NULL, 5);
INSERT INTO public.user_sessions (id, browser_name, browser_version, city, country, created_at, device_info, device_type, expires_at, ip_address, isp, last_activity, last_login_at, login_count, operating_system, refresh_token_id, session_token, status, is_suspicious, suspicious_reasons, terminated_at, termination_reason, user_id) VALUES (58, 'Chrome', '147.0.0.0', 'Local', 'Local Network', '2026-04-15 17:26:41.077379', 'Mozilla/5.0 (Windows NT 10.0; Win64; x64) AppleWebKit/537.36 (KHTML, like Gecko) Chrome/147.0.0.0 Safari/537.36', 'DESKTOP', '2026-04-22 17:26:41.06338', '0:0:0:0:0:0:0:1', 'Local ISP', '2026-04-15 17:26:41.077379', '2026-04-15 17:26:41.077379', 0, 'Windows', NULL, 'sess_50ae5f92e12244daa40eae3cd8be428d', 'EXPIRED', false, NULL, NULL, NULL, 7);
INSERT INTO public.user_sessions (id, browser_name, browser_version, city, country, created_at, device_info, device_type, expires_at, ip_address, isp, last_activity, last_login_at, login_count, operating_system, refresh_token_id, session_token, status, is_suspicious, suspicious_reasons, terminated_at, termination_reason, user_id) VALUES (63, 'Chrome', '147.0.0.0', 'Local', 'Local Network', '2026-04-15 18:23:15.696216', 'Mozilla/5.0 (Windows NT 10.0; Win64; x64) AppleWebKit/537.36 (KHTML, like Gecko) Chrome/147.0.0.0 Safari/537.36', 'DESKTOP', '2026-04-22 18:23:15.686214', '0:0:0:0:0:0:0:1', 'Local ISP', '2026-04-15 18:23:15.696216', '2026-04-15 18:23:15.696216', 0, 'Windows', NULL, 'sess_5e8e559d9a474413b7fed8fe3837c164', 'EXPIRED', false, NULL, NULL, NULL, 20);
INSERT INTO public.user_sessions (id, browser_name, browser_version, city, country, created_at, device_info, device_type, expires_at, ip_address, isp, last_activity, last_login_at, login_count, operating_system, refresh_token_id, session_token, status, is_suspicious, suspicious_reasons, terminated_at, termination_reason, user_id) VALUES (64, 'Chrome', '147.0.0.0', 'Local', 'Local Network', '2026-04-15 18:36:48.855768', 'Mozilla/5.0 (Windows NT 10.0; Win64; x64) AppleWebKit/537.36 (KHTML, like Gecko) Chrome/147.0.0.0 Safari/537.36', 'DESKTOP', '2026-04-22 18:36:48.814768', '0:0:0:0:0:0:0:1', 'Local ISP', '2026-04-15 18:36:48.855768', '2026-04-15 18:36:48.855768', 0, 'Windows', NULL, 'sess_d27f231de77c4c8a972def6dce432ee1', 'EXPIRED', false, NULL, NULL, NULL, 22);
INSERT INTO public.user_sessions (id, browser_name, browser_version, city, country, created_at, device_info, device_type, expires_at, ip_address, isp, last_activity, last_login_at, login_count, operating_system, refresh_token_id, session_token, status, is_suspicious, suspicious_reasons, terminated_at, termination_reason, user_id) VALUES (65, 'Chrome', '147.0.0.0', 'Local', 'Local Network', '2026-04-15 18:39:51.224043', 'Mozilla/5.0 (Windows NT 10.0; Win64; x64) AppleWebKit/537.36 (KHTML, like Gecko) Chrome/147.0.0.0 Safari/537.36', 'DESKTOP', '2026-04-22 18:39:51.214043', '0:0:0:0:0:0:0:1', 'Local ISP', '2026-04-15 18:39:51.224043', '2026-04-15 18:39:51.224043', 0, 'Windows', NULL, 'sess_1be94a22a81c4b269f6ddc283c3c9f31', 'EXPIRED', false, NULL, NULL, NULL, 23);
INSERT INTO public.user_sessions (id, browser_name, browser_version, city, country, created_at, device_info, device_type, expires_at, ip_address, isp, last_activity, last_login_at, login_count, operating_system, refresh_token_id, session_token, status, is_suspicious, suspicious_reasons, terminated_at, termination_reason, user_id) VALUES (19, 'Chrome', '147.0.0.0', 'Local', 'Local Network', '2026-04-15 00:33:50.217511', 'Mozilla/5.0 (Windows NT 10.0; Win64; x64) AppleWebKit/537.36 (KHTML, like Gecko) Chrome/147.0.0.0 Safari/537.36', 'DESKTOP', '2026-04-22 00:33:49.440134', '0:0:0:0:0:0:0:1', 'Local ISP', '2026-04-15 00:33:50.217511', '2026-04-15 00:33:50.217511', 0, 'Windows', NULL, 'sess_2e46597947604278bdb1636f44714ee1', 'EXPIRED', false, NULL, NULL, NULL, 1);
INSERT INTO public.user_sessions (id, browser_name, browser_version, city, country, created_at, device_info, device_type, expires_at, ip_address, isp, last_activity, last_login_at, login_count, operating_system, refresh_token_id, session_token, status, is_suspicious, suspicious_reasons, terminated_at, termination_reason, user_id) VALUES (22, 'Chrome', '147.0.0.0', 'Local', 'Local Network', '2026-04-15 00:57:50.156423', 'Mozilla/5.0 (Windows NT 10.0; Win64; x64) AppleWebKit/537.36 (KHTML, like Gecko) Chrome/147.0.0.0 Safari/537.36', 'DESKTOP', '2026-04-22 00:57:50.144424', '0:0:0:0:0:0:0:1', 'Local ISP', '2026-04-15 00:57:50.156423', '2026-04-15 00:57:50.156423', 0, 'Windows', NULL, 'sess_e770d599ada6426c859a78ed899766a3', 'EXPIRED', false, NULL, NULL, NULL, 1);
INSERT INTO public.user_sessions (id, browser_name, browser_version, city, country, created_at, device_info, device_type, expires_at, ip_address, isp, last_activity, last_login_at, login_count, operating_system, refresh_token_id, session_token, status, is_suspicious, suspicious_reasons, terminated_at, termination_reason, user_id) VALUES (23, 'Chrome', '147.0.0.0', 'Local', 'Local Network', '2026-04-15 01:35:41.429133', 'Mozilla/5.0 (Windows NT 10.0; Win64; x64) AppleWebKit/537.36 (KHTML, like Gecko) Chrome/147.0.0.0 Safari/537.36', 'DESKTOP', '2026-04-22 01:35:41.350034', '0:0:0:0:0:0:0:1', 'Local ISP', '2026-04-15 01:35:41.429133', '2026-04-15 01:35:41.429133', 0, 'Windows', NULL, 'sess_509975eb9db94bf0b02d2a824a1f9799', 'EXPIRED', false, NULL, NULL, NULL, 2);
INSERT INTO public.user_sessions (id, browser_name, browser_version, city, country, created_at, device_info, device_type, expires_at, ip_address, isp, last_activity, last_login_at, login_count, operating_system, refresh_token_id, session_token, status, is_suspicious, suspicious_reasons, terminated_at, termination_reason, user_id) VALUES (24, 'Chrome', '147.0.0.0', 'Local', 'Local Network', '2026-04-15 01:36:25.816139', 'Mozilla/5.0 (Windows NT 10.0; Win64; x64) AppleWebKit/537.36 (KHTML, like Gecko) Chrome/147.0.0.0 Safari/537.36', 'DESKTOP', '2026-04-22 01:36:25.800287', '0:0:0:0:0:0:0:1', 'Local ISP', '2026-04-15 01:36:25.816139', '2026-04-15 01:36:25.816139', 0, 'Windows', NULL, 'sess_11ac609905154a71b05b350224708894', 'EXPIRED', false, NULL, NULL, NULL, 2);
INSERT INTO public.user_sessions (id, browser_name, browser_version, city, country, created_at, device_info, device_type, expires_at, ip_address, isp, last_activity, last_login_at, login_count, operating_system, refresh_token_id, session_token, status, is_suspicious, suspicious_reasons, terminated_at, termination_reason, user_id) VALUES (25, 'Chrome', '147.0.0.0', 'Local', 'Local Network', '2026-04-15 01:39:50.686317', 'Mozilla/5.0 (Windows NT 10.0; Win64; x64) AppleWebKit/537.36 (KHTML, like Gecko) Chrome/147.0.0.0 Safari/537.36', 'DESKTOP', '2026-04-22 01:39:50.674317', '0:0:0:0:0:0:0:1', 'Local ISP', '2026-04-15 01:39:50.686317', '2026-04-15 01:39:50.686317', 0, 'Windows', NULL, 'sess_35b56d98dff64af0a25085816f1ec883', 'EXPIRED', false, NULL, NULL, NULL, 2);
INSERT INTO public.user_sessions (id, browser_name, browser_version, city, country, created_at, device_info, device_type, expires_at, ip_address, isp, last_activity, last_login_at, login_count, operating_system, refresh_token_id, session_token, status, is_suspicious, suspicious_reasons, terminated_at, termination_reason, user_id) VALUES (26, 'Chrome', '147.0.0.0', 'Local', 'Local Network', '2026-04-15 01:46:55.994397', 'Mozilla/5.0 (Windows NT 10.0; Win64; x64) AppleWebKit/537.36 (KHTML, like Gecko) Chrome/147.0.0.0 Safari/537.36', 'DESKTOP', '2026-04-22 01:46:55.966384', '0:0:0:0:0:0:0:1', 'Local ISP', '2026-04-15 01:46:55.994397', '2026-04-15 01:46:55.994397', 0, 'Windows', NULL, 'sess_91030bd923a348e4bd270b4219fa15cc', 'EXPIRED', false, NULL, NULL, NULL, 2);
INSERT INTO public.user_sessions (id, browser_name, browser_version, city, country, created_at, device_info, device_type, expires_at, ip_address, isp, last_activity, last_login_at, login_count, operating_system, refresh_token_id, session_token, status, is_suspicious, suspicious_reasons, terminated_at, termination_reason, user_id) VALUES (27, 'Chrome', '147.0.0.0', 'Local', 'Local Network', '2026-04-15 02:11:16.419718', 'Mozilla/5.0 (Windows NT 10.0; Win64; x64) AppleWebKit/537.36 (KHTML, like Gecko) Chrome/147.0.0.0 Safari/537.36', 'DESKTOP', '2026-04-22 02:11:16.400718', '0:0:0:0:0:0:0:1', 'Local ISP', '2026-04-15 02:11:16.419718', '2026-04-15 02:11:16.419718', 0, 'Windows', NULL, 'sess_35fcc51b9bbd45edbfa2fd577aaec3db', 'EXPIRED', false, NULL, NULL, NULL, 1);
INSERT INTO public.user_sessions (id, browser_name, browser_version, city, country, created_at, device_info, device_type, expires_at, ip_address, isp, last_activity, last_login_at, login_count, operating_system, refresh_token_id, session_token, status, is_suspicious, suspicious_reasons, terminated_at, termination_reason, user_id) VALUES (28, 'Chrome', '147.0.0.0', 'Local', 'Local Network', '2026-04-15 02:52:26.32599', 'Mozilla/5.0 (Windows NT 10.0; Win64; x64) AppleWebKit/537.36 (KHTML, like Gecko) Chrome/147.0.0.0 Safari/537.36', 'DESKTOP', '2026-04-22 02:52:26.276989', '0:0:0:0:0:0:0:1', 'Local ISP', '2026-04-15 02:52:26.32599', '2026-04-15 02:52:26.32599', 0, 'Windows', NULL, 'sess_e00770be0d0e48c581afab202b01c6b4', 'EXPIRED', false, NULL, NULL, NULL, 2);
INSERT INTO public.user_sessions (id, browser_name, browser_version, city, country, created_at, device_info, device_type, expires_at, ip_address, isp, last_activity, last_login_at, login_count, operating_system, refresh_token_id, session_token, status, is_suspicious, suspicious_reasons, terminated_at, termination_reason, user_id) VALUES (29, 'Chrome', '147.0.0.0', 'Local', 'Local Network', '2026-04-15 02:52:54.426968', 'Mozilla/5.0 (Windows NT 10.0; Win64; x64) AppleWebKit/537.36 (KHTML, like Gecko) Chrome/147.0.0.0 Safari/537.36', 'DESKTOP', '2026-04-22 02:52:54.412968', '0:0:0:0:0:0:0:1', 'Local ISP', '2026-04-15 02:52:54.426968', '2026-04-15 02:52:54.426968', 0, 'Windows', NULL, 'sess_e12ae45cf2164f219d46393950d17fa8', 'EXPIRED', false, NULL, NULL, NULL, 1);
INSERT INTO public.user_sessions (id, browser_name, browser_version, city, country, created_at, device_info, device_type, expires_at, ip_address, isp, last_activity, last_login_at, login_count, operating_system, refresh_token_id, session_token, status, is_suspicious, suspicious_reasons, terminated_at, termination_reason, user_id) VALUES (30, 'Chrome', '147.0.0.0', 'Local', 'Local Network', '2026-04-15 14:57:03.922872', 'Mozilla/5.0 (Windows NT 10.0; Win64; x64) AppleWebKit/537.36 (KHTML, like Gecko) Chrome/147.0.0.0 Safari/537.36', 'DESKTOP', '2026-04-22 14:57:03.291674', '0:0:0:0:0:0:0:1', 'Local ISP', '2026-04-15 14:57:03.922872', '2026-04-15 14:57:03.922872', 0, 'Windows', NULL, 'sess_1aaadc23ea8548c9a6ee1760588f7fdb', 'EXPIRED', false, NULL, NULL, NULL, 1);
INSERT INTO public.user_sessions (id, browser_name, browser_version, city, country, created_at, device_info, device_type, expires_at, ip_address, isp, last_activity, last_login_at, login_count, operating_system, refresh_token_id, session_token, status, is_suspicious, suspicious_reasons, terminated_at, termination_reason, user_id) VALUES (31, 'Chrome', '147.0.0.0', 'Local', 'Local Network', '2026-04-15 15:08:08.701201', 'Mozilla/5.0 (Windows NT 10.0; Win64; x64) AppleWebKit/537.36 (KHTML, like Gecko) Chrome/147.0.0.0 Safari/537.36', 'DESKTOP', '2026-04-22 15:08:08.659305', '0:0:0:0:0:0:0:1', 'Local ISP', '2026-04-15 15:08:08.701201', '2026-04-15 15:08:08.701201', 0, 'Windows', NULL, 'sess_9eb2de43459a478380d95b94a23b56c7', 'EXPIRED', false, NULL, NULL, NULL, 1);
INSERT INTO public.user_sessions (id, browser_name, browser_version, city, country, created_at, device_info, device_type, expires_at, ip_address, isp, last_activity, last_login_at, login_count, operating_system, refresh_token_id, session_token, status, is_suspicious, suspicious_reasons, terminated_at, termination_reason, user_id) VALUES (32, 'Chrome', '147.0.0.0', 'Local', 'Local Network', '2026-04-15 15:10:01.208222', 'Mozilla/5.0 (Windows NT 10.0; Win64; x64) AppleWebKit/537.36 (KHTML, like Gecko) Chrome/147.0.0.0 Safari/537.36', 'DESKTOP', '2026-04-22 15:10:01.19022', '0:0:0:0:0:0:0:1', 'Local ISP', '2026-04-15 15:10:01.208222', '2026-04-15 15:10:01.208222', 0, 'Windows', NULL, 'sess_feab48d761e34d00a124144475d7acf8', 'EXPIRED', false, NULL, NULL, NULL, 1);
INSERT INTO public.user_sessions (id, browser_name, browser_version, city, country, created_at, device_info, device_type, expires_at, ip_address, isp, last_activity, last_login_at, login_count, operating_system, refresh_token_id, session_token, status, is_suspicious, suspicious_reasons, terminated_at, termination_reason, user_id) VALUES (38, 'Chrome', '147.0.0.0', 'Local', 'Local Network', '2026-04-15 15:23:28.312083', 'Mozilla/5.0 (Windows NT 10.0; Win64; x64) AppleWebKit/537.36 (KHTML, like Gecko) Chrome/147.0.0.0 Safari/537.36', 'DESKTOP', '2026-04-22 15:23:28.282084', '0:0:0:0:0:0:0:1', 'Local ISP', '2026-04-15 15:23:28.312083', '2026-04-15 15:23:28.312083', 0, 'Windows', NULL, 'sess_4092614eb9d54f0c884c157e84b40628', 'EXPIRED', false, NULL, NULL, NULL, 5);
INSERT INTO public.user_sessions (id, browser_name, browser_version, city, country, created_at, device_info, device_type, expires_at, ip_address, isp, last_activity, last_login_at, login_count, operating_system, refresh_token_id, session_token, status, is_suspicious, suspicious_reasons, terminated_at, termination_reason, user_id) VALUES (40, 'Chrome', '147.0.0.0', 'Local', 'Local Network', '2026-04-15 15:34:14.698073', 'Mozilla/5.0 (Windows NT 10.0; Win64; x64) AppleWebKit/537.36 (KHTML, like Gecko) Chrome/147.0.0.0 Safari/537.36', 'DESKTOP', '2026-04-22 15:34:14.669072', '0:0:0:0:0:0:0:1', 'Local ISP', '2026-04-15 15:34:14.698073', '2026-04-15 15:34:14.698073', 0, 'Windows', NULL, 'sess_cc981019321b4658975f88599366db69', 'EXPIRED', false, NULL, NULL, NULL, 1);
INSERT INTO public.user_sessions (id, browser_name, browser_version, city, country, created_at, device_info, device_type, expires_at, ip_address, isp, last_activity, last_login_at, login_count, operating_system, refresh_token_id, session_token, status, is_suspicious, suspicious_reasons, terminated_at, termination_reason, user_id) VALUES (52, 'Chrome', '147.0.0.0', 'Local', 'Local Network', '2026-04-15 16:58:19.796832', 'Mozilla/5.0 (Windows NT 10.0; Win64; x64) AppleWebKit/537.36 (KHTML, like Gecko) Chrome/147.0.0.0 Safari/537.36', 'DESKTOP', '2026-04-22 16:58:19.699832', '0:0:0:0:0:0:0:1', 'Local ISP', '2026-04-15 16:58:19.796832', '2026-04-15 16:58:19.796832', 0, 'Windows', NULL, 'sess_06383fec674644f28987bbddd1b5f1c2', 'EXPIRED', false, NULL, NULL, NULL, 13);
INSERT INTO public.user_sessions (id, browser_name, browser_version, city, country, created_at, device_info, device_type, expires_at, ip_address, isp, last_activity, last_login_at, login_count, operating_system, refresh_token_id, session_token, status, is_suspicious, suspicious_reasons, terminated_at, termination_reason, user_id) VALUES (53, 'Chrome', '147.0.0.0', 'Local', 'Local Network', '2026-04-15 17:01:55.454985', 'Mozilla/5.0 (Windows NT 10.0; Win64; x64) AppleWebKit/537.36 (KHTML, like Gecko) Chrome/147.0.0.0 Safari/537.36', 'DESKTOP', '2026-04-22 17:01:55.424988', '0:0:0:0:0:0:0:1', 'Local ISP', '2026-04-15 17:01:55.454985', '2026-04-15 17:01:55.454985', 0, 'Windows', NULL, 'sess_31052adef13e4fc2a468acdf6c2cf152', 'EXPIRED', false, NULL, NULL, NULL, 13);
INSERT INTO public.user_sessions (id, browser_name, browser_version, city, country, created_at, device_info, device_type, expires_at, ip_address, isp, last_activity, last_login_at, login_count, operating_system, refresh_token_id, session_token, status, is_suspicious, suspicious_reasons, terminated_at, termination_reason, user_id) VALUES (54, 'Chrome', '147.0.0.0', 'Local', 'Local Network', '2026-04-15 17:04:19.620566', 'Mozilla/5.0 (Windows NT 10.0; Win64; x64) AppleWebKit/537.36 (KHTML, like Gecko) Chrome/147.0.0.0 Safari/537.36', 'DESKTOP', '2026-04-22 17:04:19.611568', '0:0:0:0:0:0:0:1', 'Local ISP', '2026-04-15 17:04:19.620566', '2026-04-15 17:04:19.620566', 0, 'Windows', NULL, 'sess_112a734caa884ff9b1102f959ce8f0d0', 'EXPIRED', false, NULL, NULL, NULL, 13);
INSERT INTO public.user_sessions (id, browser_name, browser_version, city, country, created_at, device_info, device_type, expires_at, ip_address, isp, last_activity, last_login_at, login_count, operating_system, refresh_token_id, session_token, status, is_suspicious, suspicious_reasons, terminated_at, termination_reason, user_id) VALUES (56, 'Chrome', '147.0.0.0', 'Local', 'Local Network', '2026-04-15 17:19:43.085499', 'Mozilla/5.0 (Windows NT 10.0; Win64; x64) AppleWebKit/537.36 (KHTML, like Gecko) Chrome/147.0.0.0 Safari/537.36', 'DESKTOP', '2026-04-22 17:19:42.994945', '0:0:0:0:0:0:0:1', 'Local ISP', '2026-04-15 17:19:43.085499', '2026-04-15 17:19:43.085499', 0, 'Windows', NULL, 'sess_043ebbe801084f60984a38d4b3bc1dd1', 'EXPIRED', false, NULL, NULL, NULL, 5);
INSERT INTO public.user_sessions (id, browser_name, browser_version, city, country, created_at, device_info, device_type, expires_at, ip_address, isp, last_activity, last_login_at, login_count, operating_system, refresh_token_id, session_token, status, is_suspicious, suspicious_reasons, terminated_at, termination_reason, user_id) VALUES (57, 'Chrome', '147.0.0.0', 'Local', 'Local Network', '2026-04-15 17:26:10.164486', 'Mozilla/5.0 (Windows NT 10.0; Win64; x64) AppleWebKit/537.36 (KHTML, like Gecko) Chrome/147.0.0.0 Safari/537.36', 'DESKTOP', '2026-04-22 17:26:10.134487', '0:0:0:0:0:0:0:1', 'Local ISP', '2026-04-15 17:26:10.164486', '2026-04-15 17:26:10.164486', 0, 'Windows', NULL, 'sess_320cf988b6d14c239d2ab18dc697c069', 'EXPIRED', false, NULL, NULL, NULL, 1);
INSERT INTO public.user_sessions (id, browser_name, browser_version, city, country, created_at, device_info, device_type, expires_at, ip_address, isp, last_activity, last_login_at, login_count, operating_system, refresh_token_id, session_token, status, is_suspicious, suspicious_reasons, terminated_at, termination_reason, user_id) VALUES (59, 'Chrome', '147.0.0.0', 'Local', 'Local Network', '2026-04-15 17:28:48.570806', 'Mozilla/5.0 (Windows NT 10.0; Win64; x64) AppleWebKit/537.36 (KHTML, like Gecko) Chrome/147.0.0.0 Safari/537.36', 'DESKTOP', '2026-04-22 17:28:48.561806', '0:0:0:0:0:0:0:1', 'Local ISP', '2026-04-15 17:28:48.570806', '2026-04-15 17:28:48.570806', 0, 'Windows', NULL, 'sess_981b7704b9854dedbe19d9bc17277f49', 'EXPIRED', false, NULL, NULL, NULL, 5);
INSERT INTO public.user_sessions (id, browser_name, browser_version, city, country, created_at, device_info, device_type, expires_at, ip_address, isp, last_activity, last_login_at, login_count, operating_system, refresh_token_id, session_token, status, is_suspicious, suspicious_reasons, terminated_at, termination_reason, user_id) VALUES (60, 'Chrome', '147.0.0.0', 'Local', 'Local Network', '2026-04-15 17:34:01.178595', 'Mozilla/5.0 (Windows NT 10.0; Win64; x64) AppleWebKit/537.36 (KHTML, like Gecko) Chrome/147.0.0.0 Safari/537.36', 'DESKTOP', '2026-04-22 17:34:01.164596', '0:0:0:0:0:0:0:1', 'Local ISP', '2026-04-15 17:34:01.178595', '2026-04-15 17:34:01.178595', 0, 'Windows', NULL, 'sess_8cf74da3882b45d895a1c5e5b5daf27d', 'EXPIRED', false, NULL, NULL, NULL, 13);
INSERT INTO public.user_sessions (id, browser_name, browser_version, city, country, created_at, device_info, device_type, expires_at, ip_address, isp, last_activity, last_login_at, login_count, operating_system, refresh_token_id, session_token, status, is_suspicious, suspicious_reasons, terminated_at, termination_reason, user_id) VALUES (61, 'Chrome', '147.0.0.0', 'Local', 'Local Network', '2026-04-15 17:40:35.266687', 'Mozilla/5.0 (Windows NT 10.0; Win64; x64) AppleWebKit/537.36 (KHTML, like Gecko) Chrome/147.0.0.0 Safari/537.36', 'DESKTOP', '2026-04-22 17:40:35.254686', '0:0:0:0:0:0:0:1', 'Local ISP', '2026-04-15 17:40:35.266687', '2026-04-15 17:40:35.266687', 0, 'Windows', NULL, 'sess_854114a750cd468c9ddb4686fa52c883', 'EXPIRED', false, NULL, NULL, NULL, 14);
INSERT INTO public.user_sessions (id, browser_name, browser_version, city, country, created_at, device_info, device_type, expires_at, ip_address, isp, last_activity, last_login_at, login_count, operating_system, refresh_token_id, session_token, status, is_suspicious, suspicious_reasons, terminated_at, termination_reason, user_id) VALUES (62, 'Chrome', '147.0.0.0', 'Local', 'Local Network', '2026-04-15 17:42:46.740461', 'Mozilla/5.0 (Windows NT 10.0; Win64; x64) AppleWebKit/537.36 (KHTML, like Gecko) Chrome/147.0.0.0 Safari/537.36', 'DESKTOP', '2026-04-22 17:42:46.721461', '0:0:0:0:0:0:0:1', 'Local ISP', '2026-04-15 17:42:46.740461', '2026-04-15 17:42:46.740461', 0, 'Windows', NULL, 'sess_f863ceb53dff480590c0176b1a23526e', 'EXPIRED', false, NULL, NULL, NULL, 1);
INSERT INTO public.user_sessions (id, browser_name, browser_version, city, country, created_at, device_info, device_type, expires_at, ip_address, isp, last_activity, last_login_at, login_count, operating_system, refresh_token_id, session_token, status, is_suspicious, suspicious_reasons, terminated_at, termination_reason, user_id) VALUES (66, 'Chrome', '147.0.0.0', 'Local', 'Local Network', '2026-04-17 12:46:15.877118', 'Mozilla/5.0 (Windows NT 10.0; Win64; x64) AppleWebKit/537.36 (KHTML, like Gecko) Chrome/147.0.0.0 Safari/537.36', 'DESKTOP', '2026-04-24 12:46:15.857757', '0:0:0:0:0:0:0:1', 'Local ISP', '2026-04-17 12:46:15.877118', '2026-04-17 12:46:15.877118', 0, 'Windows', NULL, 'sess_1ad983a3e2044dd4ab02273d3d4ad90a', 'EXPIRED', false, NULL, NULL, NULL, 1);
INSERT INTO public.user_sessions (id, browser_name, browser_version, city, country, created_at, device_info, device_type, expires_at, ip_address, isp, last_activity, last_login_at, login_count, operating_system, refresh_token_id, session_token, status, is_suspicious, suspicious_reasons, terminated_at, termination_reason, user_id) VALUES (67, 'Chrome', '147.0.0.0', 'Local', 'Local Network', '2026-04-17 13:04:30.928596', 'Mozilla/5.0 (Windows NT 10.0; Win64; x64) AppleWebKit/537.36 (KHTML, like Gecko) Chrome/147.0.0.0 Safari/537.36', 'DESKTOP', '2026-04-24 13:04:30.919629', '0:0:0:0:0:0:0:1', 'Local ISP', '2026-04-17 13:04:30.928596', '2026-04-17 13:04:30.928596', 0, 'Windows', NULL, 'sess_bae5cfb79a324e828ca7eedffe335a9f', 'EXPIRED', false, NULL, NULL, NULL, 5);
INSERT INTO public.user_sessions (id, browser_name, browser_version, city, country, created_at, device_info, device_type, expires_at, ip_address, isp, last_activity, last_login_at, login_count, operating_system, refresh_token_id, session_token, status, is_suspicious, suspicious_reasons, terminated_at, termination_reason, user_id) VALUES (68, 'Chrome', '147.0.0.0', 'Local', 'Local Network', '2026-04-17 14:29:04.531431', 'Mozilla/5.0 (Windows NT 10.0; Win64; x64) AppleWebKit/537.36 (KHTML, like Gecko) Chrome/147.0.0.0 Safari/537.36', 'DESKTOP', '2026-04-24 14:29:04.513431', '0:0:0:0:0:0:0:1', 'Local ISP', '2026-04-17 14:29:04.531431', '2026-04-17 14:29:04.531431', 0, 'Windows', NULL, 'sess_811e93666e3f46c1a1c467ec65b79e04', 'EXPIRED', false, NULL, NULL, NULL, 13);
INSERT INTO public.user_sessions (id, browser_name, browser_version, city, country, created_at, device_info, device_type, expires_at, ip_address, isp, last_activity, last_login_at, login_count, operating_system, refresh_token_id, session_token, status, is_suspicious, suspicious_reasons, terminated_at, termination_reason, user_id) VALUES (75, 'Chrome', '147.0.0.0', 'Local', 'Local Network', '2026-05-06 00:41:25.95604', 'Mozilla/5.0 (Windows NT 10.0; Win64; x64) AppleWebKit/537.36 (KHTML, like Gecko) Chrome/147.0.0.0 Safari/537.36', 'DESKTOP', '2026-05-13 00:41:25.93702', '0:0:0:0:0:0:0:1', 'Local ISP', '2026-05-06 00:41:25.95604', '2026-05-06 00:41:25.95604', 0, 'Windows', NULL, 'sess_2b9d9d4d29f34abaabc17024d8ca828b', 'EXPIRED', false, NULL, NULL, NULL, 1);
INSERT INTO public.user_sessions (id, browser_name, browser_version, city, country, created_at, device_info, device_type, expires_at, ip_address, isp, last_activity, last_login_at, login_count, operating_system, refresh_token_id, session_token, status, is_suspicious, suspicious_reasons, terminated_at, termination_reason, user_id) VALUES (76, 'Chrome', '147.0.0.0', 'Local', 'Local Network', '2026-05-06 00:42:47.303296', 'Mozilla/5.0 (Windows NT 10.0; Win64; x64) AppleWebKit/537.36 (KHTML, like Gecko) Chrome/147.0.0.0 Safari/537.36', 'DESKTOP', '2026-05-13 00:42:47.293298', '0:0:0:0:0:0:0:1', 'Local ISP', '2026-05-06 00:42:47.303296', '2026-05-06 00:42:47.303296', 0, 'Windows', NULL, 'sess_4e3b2a46a7fb4ceeb358bc1e759d3963', 'EXPIRED', false, NULL, NULL, NULL, 13);
INSERT INTO public.user_sessions (id, browser_name, browser_version, city, country, created_at, device_info, device_type, expires_at, ip_address, isp, last_activity, last_login_at, login_count, operating_system, refresh_token_id, session_token, status, is_suspicious, suspicious_reasons, terminated_at, termination_reason, user_id) VALUES (77, 'Chrome', '147.0.0.0', 'Local', 'Local Network', '2026-05-06 00:48:59.209368', 'Mozilla/5.0 (Windows NT 10.0; Win64; x64) AppleWebKit/537.36 (KHTML, like Gecko) Chrome/147.0.0.0 Safari/537.36', 'DESKTOP', '2026-05-13 00:48:59.180367', '0:0:0:0:0:0:0:1', 'Local ISP', '2026-05-06 00:48:59.209368', '2026-05-06 00:48:59.209368', 0, 'Windows', NULL, 'sess_a0ef633c05ed42f69f64e1d7988f1dd4', 'EXPIRED', false, NULL, NULL, NULL, 1);
INSERT INTO public.user_sessions (id, browser_name, browser_version, city, country, created_at, device_info, device_type, expires_at, ip_address, isp, last_activity, last_login_at, login_count, operating_system, refresh_token_id, session_token, status, is_suspicious, suspicious_reasons, terminated_at, termination_reason, user_id) VALUES (78, 'Chrome', '147.0.0.0', 'Local', 'Local Network', '2026-05-06 01:01:49.736387', 'Mozilla/5.0 (Windows NT 10.0; Win64; x64) AppleWebKit/537.36 (KHTML, like Gecko) Chrome/147.0.0.0 Safari/537.36', 'DESKTOP', '2026-05-13 01:01:49.726386', '0:0:0:0:0:0:0:1', 'Local ISP', '2026-05-06 01:01:49.736387', '2026-05-06 01:01:49.736387', 0, 'Windows', NULL, 'sess_c05cf120a1994eba99c3231d1d90d183', 'EXPIRED', false, NULL, NULL, NULL, 1);
INSERT INTO public.user_sessions (id, browser_name, browser_version, city, country, created_at, device_info, device_type, expires_at, ip_address, isp, last_activity, last_login_at, login_count, operating_system, refresh_token_id, session_token, status, is_suspicious, suspicious_reasons, terminated_at, termination_reason, user_id) VALUES (79, 'Chrome', '147.0.0.0', 'Local', 'Local Network', '2026-05-06 01:03:52.138332', 'Mozilla/5.0 (Windows NT 10.0; Win64; x64) AppleWebKit/537.36 (KHTML, like Gecko) Chrome/147.0.0.0 Safari/537.36', 'DESKTOP', '2026-05-13 01:03:52.12933', '0:0:0:0:0:0:0:1', 'Local ISP', '2026-05-06 01:03:52.138332', '2026-05-06 01:03:52.138332', 0, 'Windows', NULL, 'sess_0ccaeae099a844698ebb07b77f566864', 'EXPIRED', false, NULL, NULL, NULL, 1);
INSERT INTO public.user_sessions (id, browser_name, browser_version, city, country, created_at, device_info, device_type, expires_at, ip_address, isp, last_activity, last_login_at, login_count, operating_system, refresh_token_id, session_token, status, is_suspicious, suspicious_reasons, terminated_at, termination_reason, user_id) VALUES (69, 'Chrome', '147.0.0.0', 'Local', 'Local Network', '2026-05-01 11:59:19.810689', 'Mozilla/5.0 (Windows NT 10.0; Win64; x64) AppleWebKit/537.36 (KHTML, like Gecko) Chrome/147.0.0.0 Safari/537.36', 'DESKTOP', '2026-05-08 11:59:19.790586', '0:0:0:0:0:0:0:1', 'Local ISP', '2026-05-01 11:59:19.810689', '2026-05-01 11:59:19.810689', 0, 'Windows', NULL, 'sess_8b81743eb06a44fc87ea0545edfc28e3', 'EXPIRED', false, NULL, NULL, NULL, 1);
INSERT INTO public.user_sessions (id, browser_name, browser_version, city, country, created_at, device_info, device_type, expires_at, ip_address, isp, last_activity, last_login_at, login_count, operating_system, refresh_token_id, session_token, status, is_suspicious, suspicious_reasons, terminated_at, termination_reason, user_id) VALUES (70, 'Chrome', '147.0.0.0', 'Local', 'Local Network', '2026-05-01 12:00:34.894759', 'Mozilla/5.0 (Windows NT 10.0; Win64; x64) AppleWebKit/537.36 (KHTML, like Gecko) Chrome/147.0.0.0 Safari/537.36', 'DESKTOP', '2026-05-08 12:00:34.884683', '0:0:0:0:0:0:0:1', 'Local ISP', '2026-05-01 12:00:34.894759', '2026-05-01 12:00:34.894759', 0, 'Windows', NULL, 'sess_7c7dcb7822e84db2a7e79da22c48a6d3', 'EXPIRED', false, NULL, NULL, NULL, 13);
INSERT INTO public.user_sessions (id, browser_name, browser_version, city, country, created_at, device_info, device_type, expires_at, ip_address, isp, last_activity, last_login_at, login_count, operating_system, refresh_token_id, session_token, status, is_suspicious, suspicious_reasons, terminated_at, termination_reason, user_id) VALUES (71, 'Chrome', '147.0.0.0', 'Local', 'Local Network', '2026-05-01 12:02:24.791386', 'Mozilla/5.0 (Windows NT 10.0; Win64; x64) AppleWebKit/537.36 (KHTML, like Gecko) Chrome/147.0.0.0 Safari/537.36', 'DESKTOP', '2026-05-08 12:02:24.783385', '0:0:0:0:0:0:0:1', 'Local ISP', '2026-05-01 12:02:24.791386', '2026-05-01 12:02:24.791386', 0, 'Windows', NULL, 'sess_d12a40dcfb694d54a1fe4b243031e1a5', 'EXPIRED', false, NULL, NULL, NULL, 1);
INSERT INTO public.user_sessions (id, browser_name, browser_version, city, country, created_at, device_info, device_type, expires_at, ip_address, isp, last_activity, last_login_at, login_count, operating_system, refresh_token_id, session_token, status, is_suspicious, suspicious_reasons, terminated_at, termination_reason, user_id) VALUES (72, 'Chrome', '147.0.0.0', 'Local', 'Local Network', '2026-05-01 12:03:19.312267', 'Mozilla/5.0 (Windows NT 10.0; Win64; x64) AppleWebKit/537.36 (KHTML, like Gecko) Chrome/147.0.0.0 Safari/537.36', 'DESKTOP', '2026-05-08 12:03:19.299464', '0:0:0:0:0:0:0:1', 'Local ISP', '2026-05-01 12:03:19.312267', '2026-05-01 12:03:19.312267', 0, 'Windows', NULL, 'sess_b5711c04b90841e3a067e2b20c773db3', 'EXPIRED', false, NULL, NULL, NULL, 1);
INSERT INTO public.user_sessions (id, browser_name, browser_version, city, country, created_at, device_info, device_type, expires_at, ip_address, isp, last_activity, last_login_at, login_count, operating_system, refresh_token_id, session_token, status, is_suspicious, suspicious_reasons, terminated_at, termination_reason, user_id) VALUES (73, 'Chrome', '147.0.0.0', 'Local', 'Local Network', '2026-05-01 12:04:21.44864', 'Mozilla/5.0 (Windows NT 10.0; Win64; x64) AppleWebKit/537.36 (KHTML, like Gecko) Chrome/147.0.0.0 Safari/537.36', 'DESKTOP', '2026-05-08 12:04:21.430458', '0:0:0:0:0:0:0:1', 'Local ISP', '2026-05-01 12:04:21.44864', '2026-05-01 12:04:21.44864', 0, 'Windows', NULL, 'sess_8992f8b013c54137acb01b2be85750a9', 'EXPIRED', false, NULL, NULL, NULL, 5);
INSERT INTO public.user_sessions (id, browser_name, browser_version, city, country, created_at, device_info, device_type, expires_at, ip_address, isp, last_activity, last_login_at, login_count, operating_system, refresh_token_id, session_token, status, is_suspicious, suspicious_reasons, terminated_at, termination_reason, user_id) VALUES (74, 'Chrome', '147.0.0.0', 'Local', 'Local Network', '2026-05-01 12:05:23.411679', 'Mozilla/5.0 (Windows NT 10.0; Win64; x64) AppleWebKit/537.36 (KHTML, like Gecko) Chrome/147.0.0.0 Safari/537.36', 'DESKTOP', '2026-05-08 12:05:23.411679', '0:0:0:0:0:0:0:1', 'Local ISP', '2026-05-01 12:05:23.411679', '2026-05-01 12:05:23.411679', 0, 'Windows', NULL, 'sess_04b6bac04c0041448bc825c29cbbb05a', 'EXPIRED', false, NULL, NULL, NULL, 7);
INSERT INTO public.user_sessions (id, browser_name, browser_version, city, country, created_at, device_info, device_type, expires_at, ip_address, isp, last_activity, last_login_at, login_count, operating_system, refresh_token_id, session_token, status, is_suspicious, suspicious_reasons, terminated_at, termination_reason, user_id) VALUES (81, 'Chrome', '147.0.0.0', 'Local', 'Local Network', '2026-05-09 13:44:46.657007', 'Mozilla/5.0 (Windows NT 10.0; Win64; x64) AppleWebKit/537.36 (KHTML, like Gecko) Chrome/147.0.0.0 Safari/537.36', 'DESKTOP', '2026-05-16 13:44:46.627006', '0:0:0:0:0:0:0:1', 'Local ISP', '2026-05-09 13:44:46.657007', '2026-05-09 13:44:46.657007', 0, 'Windows', NULL, 'sess_9f9cb62602814acc9892dbbf13afebe8', 'INACTIVE', false, NULL, NULL, NULL, 5);
INSERT INTO public.user_sessions (id, browser_name, browser_version, city, country, created_at, device_info, device_type, expires_at, ip_address, isp, last_activity, last_login_at, login_count, operating_system, refresh_token_id, session_token, status, is_suspicious, suspicious_reasons, terminated_at, termination_reason, user_id) VALUES (80, 'Chrome', '147.0.0.0', 'Local', 'Local Network', '2026-05-09 13:44:46.603007', 'Mozilla/5.0 (Windows NT 10.0; Win64; x64) AppleWebKit/537.36 (KHTML, like Gecko) Chrome/147.0.0.0 Safari/537.36', 'DESKTOP', '2026-05-16 13:44:46.343967', '0:0:0:0:0:0:0:1', 'Local ISP', '2026-05-09 13:44:46.603007', '2026-05-09 13:44:46.603007', 0, 'Windows', NULL, 'sess_41e3a485d22e41f980a43698aef7f7a9', 'INACTIVE', false, NULL, NULL, NULL, 5);
INSERT INTO public.user_sessions (id, browser_name, browser_version, city, country, created_at, device_info, device_type, expires_at, ip_address, isp, last_activity, last_login_at, login_count, operating_system, refresh_token_id, session_token, status, is_suspicious, suspicious_reasons, terminated_at, termination_reason, user_id) VALUES (82, 'Chrome', '147.0.0.0', 'Local', 'Local Network', '2026-05-09 14:25:10.093523', 'Mozilla/5.0 (Windows NT 10.0; Win64; x64) AppleWebKit/537.36 (KHTML, like Gecko) Chrome/147.0.0.0 Safari/537.36', 'DESKTOP', '2026-05-16 14:25:10.080522', '0:0:0:0:0:0:0:1', 'Local ISP', '2026-05-09 14:25:10.093523', '2026-05-09 14:25:10.093523', 0, 'Windows', NULL, 'sess_3009ecc2a3574b08b73a7a2106b8cbea', 'INACTIVE', false, NULL, NULL, NULL, 53);
INSERT INTO public.user_sessions (id, browser_name, browser_version, city, country, created_at, device_info, device_type, expires_at, ip_address, isp, last_activity, last_login_at, login_count, operating_system, refresh_token_id, session_token, status, is_suspicious, suspicious_reasons, terminated_at, termination_reason, user_id) VALUES (83, 'Chrome', '147.0.0.0', 'Local', 'Local Network', '2026-05-09 14:28:13.301995', 'Mozilla/5.0 (Windows NT 10.0; Win64; x64) AppleWebKit/537.36 (KHTML, like Gecko) Chrome/147.0.0.0 Safari/537.36', 'DESKTOP', '2026-05-16 14:28:13.285995', '0:0:0:0:0:0:0:1', 'Local ISP', '2026-05-09 14:28:13.301995', '2026-05-09 14:28:13.301995', 0, 'Windows', NULL, 'sess_dd86a96a975f4c0fb052d6ac1dd8f416', 'INACTIVE', false, NULL, NULL, NULL, 5);
INSERT INTO public.user_sessions (id, browser_name, browser_version, city, country, created_at, device_info, device_type, expires_at, ip_address, isp, last_activity, last_login_at, login_count, operating_system, refresh_token_id, session_token, status, is_suspicious, suspicious_reasons, terminated_at, termination_reason, user_id) VALUES (84, 'Chrome', '147.0.0.0', 'Local', 'Local Network', '2026-05-09 14:43:03.789739', 'Mozilla/5.0 (Windows NT 10.0; Win64; x64) AppleWebKit/537.36 (KHTML, like Gecko) Chrome/147.0.0.0 Safari/537.36', 'DESKTOP', '2026-05-16 14:43:03.781736', '0:0:0:0:0:0:0:1', 'Local ISP', '2026-05-09 14:43:03.789739', '2026-05-09 14:43:03.789739', 0, 'Windows', NULL, 'sess_1fa54acaa1b34b47b96d29bf02f7128c', 'INACTIVE', false, NULL, NULL, NULL, 1);
INSERT INTO public.user_sessions (id, browser_name, browser_version, city, country, created_at, device_info, device_type, expires_at, ip_address, isp, last_activity, last_login_at, login_count, operating_system, refresh_token_id, session_token, status, is_suspicious, suspicious_reasons, terminated_at, termination_reason, user_id) VALUES (85, 'Chrome', '147.0.0.0', 'Local', 'Local Network', '2026-05-09 14:45:33.707721', 'Mozilla/5.0 (Windows NT 10.0; Win64; x64) AppleWebKit/537.36 (KHTML, like Gecko) Chrome/147.0.0.0 Safari/537.36', 'DESKTOP', '2026-05-16 14:45:33.696945', '0:0:0:0:0:0:0:1', 'Local ISP', '2026-05-09 14:45:33.707721', '2026-05-09 14:45:33.707721', 0, 'Windows', NULL, 'sess_556b43f211e643c79e905e1ca3fc7d03', 'INACTIVE', false, NULL, NULL, NULL, 54);
INSERT INTO public.user_sessions (id, browser_name, browser_version, city, country, created_at, device_info, device_type, expires_at, ip_address, isp, last_activity, last_login_at, login_count, operating_system, refresh_token_id, session_token, status, is_suspicious, suspicious_reasons, terminated_at, termination_reason, user_id) VALUES (86, 'Chrome', '147.0.0.0', 'Local', 'Local Network', '2026-05-09 15:01:31.550265', 'Mozilla/5.0 (Windows NT 10.0; Win64; x64) AppleWebKit/537.36 (KHTML, like Gecko) Chrome/147.0.0.0 Safari/537.36', 'DESKTOP', '2026-05-16 15:01:31.538265', '0:0:0:0:0:0:0:1', 'Local ISP', '2026-05-09 15:01:31.550265', '2026-05-09 15:01:31.550265', 0, 'Windows', NULL, 'sess_4cae50b58e0c4a84928104cd1bd1c561', 'INACTIVE', false, NULL, NULL, NULL, 5);
INSERT INTO public.user_sessions (id, browser_name, browser_version, city, country, created_at, device_info, device_type, expires_at, ip_address, isp, last_activity, last_login_at, login_count, operating_system, refresh_token_id, session_token, status, is_suspicious, suspicious_reasons, terminated_at, termination_reason, user_id) VALUES (87, 'Chrome', '147.0.0.0', 'Local', 'Local Network', '2026-05-09 15:06:32.369537', 'Mozilla/5.0 (Windows NT 10.0; Win64; x64) AppleWebKit/537.36 (KHTML, like Gecko) Chrome/147.0.0.0 Safari/537.36', 'DESKTOP', '2026-05-16 15:06:32.343534', '0:0:0:0:0:0:0:1', 'Local ISP', '2026-05-09 15:06:32.369537', '2026-05-09 15:06:32.369537', 0, 'Windows', NULL, 'sess_43354aee88f949f09ca594c4b8cf057d', 'INACTIVE', false, NULL, NULL, NULL, 5);
INSERT INTO public.user_sessions (id, browser_name, browser_version, city, country, created_at, device_info, device_type, expires_at, ip_address, isp, last_activity, last_login_at, login_count, operating_system, refresh_token_id, session_token, status, is_suspicious, suspicious_reasons, terminated_at, termination_reason, user_id) VALUES (88, 'Chrome', '147.0.0.0', 'Local', 'Local Network', '2026-05-09 15:08:57.951659', 'Mozilla/5.0 (Windows NT 10.0; Win64; x64) AppleWebKit/537.36 (KHTML, like Gecko) Chrome/147.0.0.0 Safari/537.36', 'DESKTOP', '2026-05-16 15:08:57.945662', '0:0:0:0:0:0:0:1', 'Local ISP', '2026-05-09 15:08:57.951659', '2026-05-09 15:08:57.951659', 0, 'Windows', NULL, 'sess_0573a3a890bb4576aed366151402e31e', 'INACTIVE', false, NULL, NULL, NULL, 1);
INSERT INTO public.user_sessions (id, browser_name, browser_version, city, country, created_at, device_info, device_type, expires_at, ip_address, isp, last_activity, last_login_at, login_count, operating_system, refresh_token_id, session_token, status, is_suspicious, suspicious_reasons, terminated_at, termination_reason, user_id) VALUES (89, 'Chrome', '147.0.0.0', 'Local', 'Local Network', '2026-05-09 15:27:15.507952', 'Mozilla/5.0 (Windows NT 10.0; Win64; x64) AppleWebKit/537.36 (KHTML, like Gecko) Chrome/147.0.0.0 Safari/537.36', 'DESKTOP', '2026-05-16 15:27:15.493951', '0:0:0:0:0:0:0:1', 'Local ISP', '2026-05-09 15:27:15.507952', '2026-05-09 15:27:15.507952', 0, 'Windows', NULL, 'sess_fa4ce899dfcf49b6b899bd089e25f15b', 'INACTIVE', false, NULL, NULL, NULL, 53);
INSERT INTO public.user_sessions (id, browser_name, browser_version, city, country, created_at, device_info, device_type, expires_at, ip_address, isp, last_activity, last_login_at, login_count, operating_system, refresh_token_id, session_token, status, is_suspicious, suspicious_reasons, terminated_at, termination_reason, user_id) VALUES (90, 'Chrome', '147.0.0.0', 'Local', 'Local Network', '2026-05-09 15:45:13.73872', 'Mozilla/5.0 (Windows NT 10.0; Win64; x64) AppleWebKit/537.36 (KHTML, like Gecko) Chrome/147.0.0.0 Safari/537.36', 'DESKTOP', '2026-05-16 15:45:13.732718', '0:0:0:0:0:0:0:1', 'Local ISP', '2026-05-09 15:45:13.73872', '2026-05-09 15:45:13.73872', 0, 'Windows', NULL, 'sess_dfcd5acf3f9b4789aae742dddd8baa3e', 'INACTIVE', false, NULL, NULL, NULL, 5);
INSERT INTO public.user_sessions (id, browser_name, browser_version, city, country, created_at, device_info, device_type, expires_at, ip_address, isp, last_activity, last_login_at, login_count, operating_system, refresh_token_id, session_token, status, is_suspicious, suspicious_reasons, terminated_at, termination_reason, user_id) VALUES (91, 'Chrome', '147.0.0.0', 'Local', 'Local Network', '2026-05-09 16:06:18.314671', 'Mozilla/5.0 (Windows NT 10.0; Win64; x64) AppleWebKit/537.36 (KHTML, like Gecko) Chrome/147.0.0.0 Safari/537.36', 'DESKTOP', '2026-05-16 16:06:18.272025', '0:0:0:0:0:0:0:1', 'Local ISP', '2026-05-09 16:06:18.314671', '2026-05-09 16:06:18.314671', 0, 'Windows', NULL, 'sess_010c0d8e0dd346158beb8e24be745c04', 'INACTIVE', false, NULL, NULL, NULL, 53);
INSERT INTO public.user_sessions (id, browser_name, browser_version, city, country, created_at, device_info, device_type, expires_at, ip_address, isp, last_activity, last_login_at, login_count, operating_system, refresh_token_id, session_token, status, is_suspicious, suspicious_reasons, terminated_at, termination_reason, user_id) VALUES (92, 'Chrome', '147.0.0.0', 'Local', 'Local Network', '2026-05-09 16:17:06.413328', 'Mozilla/5.0 (Windows NT 10.0; Win64; x64) AppleWebKit/537.36 (KHTML, like Gecko) Chrome/147.0.0.0 Safari/537.36', 'DESKTOP', '2026-05-16 16:17:06.355329', '0:0:0:0:0:0:0:1', 'Local ISP', '2026-05-09 16:17:06.413328', '2026-05-09 16:17:06.413328', 0, 'Windows', NULL, 'sess_6090b97d071349d1bf963ce307d8e5a2', 'INACTIVE', false, NULL, NULL, NULL, 53);
INSERT INTO public.user_sessions (id, browser_name, browser_version, city, country, created_at, device_info, device_type, expires_at, ip_address, isp, last_activity, last_login_at, login_count, operating_system, refresh_token_id, session_token, status, is_suspicious, suspicious_reasons, terminated_at, termination_reason, user_id) VALUES (93, 'Chrome', '147.0.0.0', 'Local', 'Local Network', '2026-05-09 16:34:28.362191', 'Mozilla/5.0 (Windows NT 10.0; Win64; x64) AppleWebKit/537.36 (KHTML, like Gecko) Chrome/147.0.0.0 Safari/537.36', 'DESKTOP', '2026-05-16 16:34:28.328197', '0:0:0:0:0:0:0:1', 'Local ISP', '2026-05-09 16:34:28.362191', '2026-05-09 16:34:28.362191', 0, 'Windows', NULL, 'sess_d8c137eb5dcd4e40bbea511dd440af71', 'INACTIVE', false, NULL, NULL, NULL, 53);
INSERT INTO public.user_sessions (id, browser_name, browser_version, city, country, created_at, device_info, device_type, expires_at, ip_address, isp, last_activity, last_login_at, login_count, operating_system, refresh_token_id, session_token, status, is_suspicious, suspicious_reasons, terminated_at, termination_reason, user_id) VALUES (94, 'Chrome', '147.0.0.0', 'Local', 'Local Network', '2026-05-09 17:17:04.580024', 'Mozilla/5.0 (Windows NT 10.0; Win64; x64) AppleWebKit/537.36 (KHTML, like Gecko) Chrome/147.0.0.0 Safari/537.36', 'DESKTOP', '2026-05-16 17:17:04.570524', '0:0:0:0:0:0:0:1', 'Local ISP', '2026-05-09 17:17:04.580024', '2026-05-09 17:17:04.580024', 0, 'Windows', NULL, 'sess_9252da1c9dbb44129f5b2bb853395394', 'INACTIVE', false, NULL, NULL, NULL, 56);
INSERT INTO public.user_sessions (id, browser_name, browser_version, city, country, created_at, device_info, device_type, expires_at, ip_address, isp, last_activity, last_login_at, login_count, operating_system, refresh_token_id, session_token, status, is_suspicious, suspicious_reasons, terminated_at, termination_reason, user_id) VALUES (95, 'Chrome', '147.0.0.0', 'Local', 'Local Network', '2026-05-11 21:33:24.60928', 'Mozilla/5.0 (Windows NT 10.0; Win64; x64) AppleWebKit/537.36 (KHTML, like Gecko) Chrome/147.0.0.0 Safari/537.36', 'DESKTOP', '2026-05-18 21:33:24.578282', '0:0:0:0:0:0:0:1', 'Local ISP', '2026-05-11 21:33:24.60928', '2026-05-11 21:33:24.60928', 0, 'Windows', NULL, 'sess_8b03e0c6914540c190eceb60bf11cdb8', 'INACTIVE', false, NULL, NULL, NULL, 1);
INSERT INTO public.user_sessions (id, browser_name, browser_version, city, country, created_at, device_info, device_type, expires_at, ip_address, isp, last_activity, last_login_at, login_count, operating_system, refresh_token_id, session_token, status, is_suspicious, suspicious_reasons, terminated_at, termination_reason, user_id) VALUES (96, 'Chrome', '147.0.0.0', 'Local', 'Local Network', '2026-05-11 21:48:05.81328', 'Mozilla/5.0 (Windows NT 10.0; Win64; x64) AppleWebKit/537.36 (KHTML, like Gecko) Chrome/147.0.0.0 Safari/537.36', 'DESKTOP', '2026-05-18 21:48:05.786279', '0:0:0:0:0:0:0:1', 'Local ISP', '2026-05-11 21:48:05.81328', '2026-05-11 21:48:05.81328', 0, 'Windows', NULL, 'sess_f6ddd85f96324eb5b1a03be06285b9af', 'INACTIVE', false, NULL, NULL, NULL, 1);
INSERT INTO public.user_sessions (id, browser_name, browser_version, city, country, created_at, device_info, device_type, expires_at, ip_address, isp, last_activity, last_login_at, login_count, operating_system, refresh_token_id, session_token, status, is_suspicious, suspicious_reasons, terminated_at, termination_reason, user_id) VALUES (97, 'Chrome', '147.0.0.0', 'Local', 'Local Network', '2026-05-13 01:05:26.197106', 'Mozilla/5.0 (Windows NT 10.0; Win64; x64) AppleWebKit/537.36 (KHTML, like Gecko) Chrome/147.0.0.0 Safari/537.36', 'DESKTOP', '2026-05-20 01:05:26.171107', '0:0:0:0:0:0:0:1', 'Local ISP', '2026-05-13 01:05:26.197106', '2026-05-13 01:05:26.197106', 0, 'Windows', NULL, 'sess_c9119ae9be63492687962b28fc811031', 'INACTIVE', false, NULL, NULL, NULL, 1);
INSERT INTO public.user_sessions (id, browser_name, browser_version, city, country, created_at, device_info, device_type, expires_at, ip_address, isp, last_activity, last_login_at, login_count, operating_system, refresh_token_id, session_token, status, is_suspicious, suspicious_reasons, terminated_at, termination_reason, user_id) VALUES (98, 'Chrome', '147.0.0.0', 'Local', 'Local Network', '2026-05-13 01:17:18.746383', 'Mozilla/5.0 (Windows NT 10.0; Win64; x64) AppleWebKit/537.36 (KHTML, like Gecko) Chrome/147.0.0.0 Safari/537.36', 'DESKTOP', '2026-05-20 01:17:18.700957', '0:0:0:0:0:0:0:1', 'Local ISP', '2026-05-13 01:17:18.746383', '2026-05-13 01:17:18.746383', 0, 'Windows', NULL, 'sess_7aa604a0fef5423f8345012b94506f51', 'INACTIVE', false, NULL, NULL, NULL, 1);
INSERT INTO public.user_sessions (id, browser_name, browser_version, city, country, created_at, device_info, device_type, expires_at, ip_address, isp, last_activity, last_login_at, login_count, operating_system, refresh_token_id, session_token, status, is_suspicious, suspicious_reasons, terminated_at, termination_reason, user_id) VALUES (99, 'Chrome', '147.0.0.0', 'Local', 'Local Network', '2026-05-13 01:20:38.466695', 'Mozilla/5.0 (Windows NT 10.0; Win64; x64) AppleWebKit/537.36 (KHTML, like Gecko) Chrome/147.0.0.0 Safari/537.36', 'DESKTOP', '2026-05-20 01:20:38.458698', '0:0:0:0:0:0:0:1', 'Local ISP', '2026-05-13 01:20:38.466695', '2026-05-13 01:20:38.466695', 0, 'Windows', NULL, 'sess_5709e69488ed454d8261a700be001bf6', 'INACTIVE', false, NULL, NULL, NULL, 1);
INSERT INTO public.user_sessions (id, browser_name, browser_version, city, country, created_at, device_info, device_type, expires_at, ip_address, isp, last_activity, last_login_at, login_count, operating_system, refresh_token_id, session_token, status, is_suspicious, suspicious_reasons, terminated_at, termination_reason, user_id) VALUES (100, 'Chrome', '148.0.0.0', 'Local', 'Local Network', '2026-05-13 10:06:31.422789', 'Mozilla/5.0 (Windows NT 10.0; Win64; x64) AppleWebKit/537.36 (KHTML, like Gecko) Chrome/148.0.0.0 Safari/537.36', 'DESKTOP', '2026-05-20 10:06:31.403789', '0:0:0:0:0:0:0:1', 'Local ISP', '2026-05-13 10:06:31.422789', '2026-05-13 10:06:31.422789', 0, 'Windows', NULL, 'sess_766d37cc41074c9f92f5010db6e38bb6', 'INACTIVE', false, NULL, NULL, NULL, 53);
INSERT INTO public.user_sessions (id, browser_name, browser_version, city, country, created_at, device_info, device_type, expires_at, ip_address, isp, last_activity, last_login_at, login_count, operating_system, refresh_token_id, session_token, status, is_suspicious, suspicious_reasons, terminated_at, termination_reason, user_id) VALUES (101, 'Chrome', '148.0.0.0', 'Local', 'Local Network', '2026-05-13 10:56:08.752083', 'Mozilla/5.0 (Windows NT 10.0; Win64; x64) AppleWebKit/537.36 (KHTML, like Gecko) Chrome/148.0.0.0 Safari/537.36', 'DESKTOP', '2026-05-20 10:56:08.603086', '0:0:0:0:0:0:0:1', 'Local ISP', '2026-05-13 10:56:08.752083', '2026-05-13 10:56:08.752083', 0, 'Windows', NULL, 'sess_c78101014c7f42b3a80c252f45d1f906', 'INACTIVE', false, NULL, NULL, NULL, 1);
INSERT INTO public.user_sessions (id, browser_name, browser_version, city, country, created_at, device_info, device_type, expires_at, ip_address, isp, last_activity, last_login_at, login_count, operating_system, refresh_token_id, session_token, status, is_suspicious, suspicious_reasons, terminated_at, termination_reason, user_id) VALUES (102, 'Chrome', '148.0.0.0', 'Local', 'Local Network', '2026-05-13 10:58:21.533277', 'Mozilla/5.0 (Windows NT 10.0; Win64; x64) AppleWebKit/537.36 (KHTML, like Gecko) Chrome/148.0.0.0 Safari/537.36', 'DESKTOP', '2026-05-20 10:58:21.473761', '0:0:0:0:0:0:0:1', 'Local ISP', '2026-05-13 10:58:21.533277', '2026-05-13 10:58:21.533277', 0, 'Windows', NULL, 'sess_1c4d72d16ce145ccba490e466ab43857', 'INACTIVE', false, NULL, NULL, NULL, 53);
INSERT INTO public.user_sessions (id, browser_name, browser_version, city, country, created_at, device_info, device_type, expires_at, ip_address, isp, last_activity, last_login_at, login_count, operating_system, refresh_token_id, session_token, status, is_suspicious, suspicious_reasons, terminated_at, termination_reason, user_id) VALUES (104, 'Chrome', '148.0.0.0', 'Local', 'Local Network', '2026-05-13 11:18:54.913076', 'Mozilla/5.0 (Windows NT 10.0; Win64; x64) AppleWebKit/537.36 (KHTML, like Gecko) Chrome/148.0.0.0 Safari/537.36', 'DESKTOP', '2026-05-20 11:18:54.890079', '0:0:0:0:0:0:0:1', 'Local ISP', '2026-05-13 11:36:31.432523', '2026-05-13 11:18:54.913076', 0, 'Windows', NULL, 'sess_200517696f1e4ede9f4ae070ea3aba6f', 'TERMINATED', false, NULL, '2026-05-13 11:36:31.414523', 'CONCURRENT_LOGIN_LIMIT', 1);
INSERT INTO public.user_sessions (id, browser_name, browser_version, city, country, created_at, device_info, device_type, expires_at, ip_address, isp, last_activity, last_login_at, login_count, operating_system, refresh_token_id, session_token, status, is_suspicious, suspicious_reasons, terminated_at, termination_reason, user_id) VALUES (105, 'Chrome', '148.0.0.0', 'Local', 'Local Network', '2026-05-13 11:24:42.021', 'Mozilla/5.0 (Windows NT 10.0; Win64; x64) AppleWebKit/537.36 (KHTML, like Gecko) Chrome/148.0.0.0 Safari/537.36', 'DESKTOP', '2026-05-20 11:24:42.006999', '0:0:0:0:0:0:0:1', 'Local ISP', '2026-05-13 11:39:42.628252', '2026-05-13 11:24:42.021', 0, 'Windows', NULL, 'sess_de65cb0860074f97a9657b0ace83dc91', 'TERMINATED', false, NULL, '2026-05-13 11:39:42.607174', 'CONCURRENT_LOGIN_LIMIT', 1);
INSERT INTO public.user_sessions (id, browser_name, browser_version, city, country, created_at, device_info, device_type, expires_at, ip_address, isp, last_activity, last_login_at, login_count, operating_system, refresh_token_id, session_token, status, is_suspicious, suspicious_reasons, terminated_at, termination_reason, user_id) VALUES (106, 'Chrome', '148.0.0.0', 'Local', 'Local Network', '2026-05-13 11:28:34.632966', 'Mozilla/5.0 (Windows NT 10.0; Win64; x64) AppleWebKit/537.36 (KHTML, like Gecko) Chrome/148.0.0.0 Safari/537.36', 'DESKTOP', '2026-05-20 11:28:34.43989', '0:0:0:0:0:0:0:1', 'Local ISP', '2026-05-13 11:46:31.145536', '2026-05-13 11:28:34.632966', 0, 'Windows', NULL, 'sess_0b0a3e468ed14cb997f78889a6ce2698', 'TERMINATED', false, NULL, '2026-05-13 11:46:31.128536', 'CONCURRENT_LOGIN_LIMIT', 1);
INSERT INTO public.user_sessions (id, browser_name, browser_version, city, country, created_at, device_info, device_type, expires_at, ip_address, isp, last_activity, last_login_at, login_count, operating_system, refresh_token_id, session_token, status, is_suspicious, suspicious_reasons, terminated_at, termination_reason, user_id) VALUES (107, 'Chrome', '148.0.0.0', 'Local', 'Local Network', '2026-05-13 11:31:59.472892', 'Mozilla/5.0 (Windows NT 10.0; Win64; x64) AppleWebKit/537.36 (KHTML, like Gecko) Chrome/148.0.0.0 Safari/537.36', 'DESKTOP', '2026-05-20 11:31:59.429889', '0:0:0:0:0:0:0:1', 'Local ISP', '2026-05-13 11:47:37.515184', '2026-05-13 11:31:59.472892', 0, 'Windows', NULL, 'sess_8c7056cf8b344a7b807a3d8cb2352455', 'TERMINATED', false, NULL, '2026-05-13 11:47:37.512182', 'CONCURRENT_LOGIN_LIMIT', 1);
INSERT INTO public.user_sessions (id, browser_name, browser_version, city, country, created_at, device_info, device_type, expires_at, ip_address, isp, last_activity, last_login_at, login_count, operating_system, refresh_token_id, session_token, status, is_suspicious, suspicious_reasons, terminated_at, termination_reason, user_id) VALUES (112, 'Chrome', '148.0.0.0', 'Local', 'Local Network', '2026-05-13 11:47:37.534184', 'Mozilla/5.0 (Windows NT 10.0; Win64; x64) AppleWebKit/537.36 (KHTML, like Gecko) Chrome/148.0.0.0 Safari/537.36', 'DESKTOP', '2026-05-20 11:47:37.514183', '0:0:0:0:0:0:0:1', 'Local ISP', '2026-05-13 11:47:37.534184', '2026-05-13 11:47:37.534184', 0, 'Windows', NULL, 'sess_d03ae577163240738d0c7f4b5b844e95', 'SUSPICIOUS', true, 'Multiple sessions from same IP address in short time', NULL, NULL, 1);
INSERT INTO public.user_sessions (id, browser_name, browser_version, city, country, created_at, device_info, device_type, expires_at, ip_address, isp, last_activity, last_login_at, login_count, operating_system, refresh_token_id, session_token, status, is_suspicious, suspicious_reasons, terminated_at, termination_reason, user_id) VALUES (113, 'Chrome', '148.0.0.0', 'Local', 'Local Network', '2026-05-13 11:47:41.74618', 'Mozilla/5.0 (Windows NT 10.0; Win64; x64) AppleWebKit/537.36 (KHTML, like Gecko) Chrome/148.0.0.0 Safari/537.36', 'DESKTOP', '2026-05-20 11:47:41.638594', '0:0:0:0:0:0:0:1', 'Local ISP', '2026-05-13 11:47:41.74618', '2026-05-13 11:47:41.74618', 0, 'Windows', NULL, 'sess_1adfa3cc940646d98852a7b281fb6532', 'SUSPICIOUS', true, 'Multiple sessions from same IP address in short time', NULL, NULL, 53);
INSERT INTO public.user_sessions (id, browser_name, browser_version, city, country, created_at, device_info, device_type, expires_at, ip_address, isp, last_activity, last_login_at, login_count, operating_system, refresh_token_id, session_token, status, is_suspicious, suspicious_reasons, terminated_at, termination_reason, user_id) VALUES (103, 'Chrome', '148.0.0.0', 'Local', 'Local Network', '2026-05-13 11:18:39.736523', 'Mozilla/5.0 (Windows NT 10.0; Win64; x64) AppleWebKit/537.36 (KHTML, like Gecko) Chrome/148.0.0.0 Safari/537.36', 'DESKTOP', '2026-05-20 11:18:39.714524', '0:0:0:0:0:0:0:1', 'Local ISP', '2026-05-13 11:18:39.736523', '2026-05-13 11:18:39.736523', 0, 'Windows', NULL, 'sess_2953a44bdebf4559944bc7227234703c', 'INACTIVE', false, NULL, NULL, NULL, 53);
INSERT INTO public.user_sessions (id, browser_name, browser_version, city, country, created_at, device_info, device_type, expires_at, ip_address, isp, last_activity, last_login_at, login_count, operating_system, refresh_token_id, session_token, status, is_suspicious, suspicious_reasons, terminated_at, termination_reason, user_id) VALUES (114, 'Chrome', '148.0.0.0', 'Local', 'Local Network', '2026-05-13 11:52:39.492599', 'Mozilla/5.0 (Windows NT 10.0; Win64; x64) AppleWebKit/537.36 (KHTML, like Gecko) Chrome/148.0.0.0 Safari/537.36', 'DESKTOP', '2026-05-20 11:52:39.416598', '0:0:0:0:0:0:0:1', 'Local ISP', '2026-05-13 11:52:39.492599', '2026-05-13 11:52:39.492599', 0, 'Windows', NULL, 'sess_2cdb26efa5ee44bf8b61bbc8ad6a2b65', 'SUSPICIOUS', true, 'Multiple sessions from same IP address in short time', NULL, NULL, 1);
INSERT INTO public.user_sessions (id, browser_name, browser_version, city, country, created_at, device_info, device_type, expires_at, ip_address, isp, last_activity, last_login_at, login_count, operating_system, refresh_token_id, session_token, status, is_suspicious, suspicious_reasons, terminated_at, termination_reason, user_id) VALUES (115, 'Chrome', '148.0.0.0', 'Local', 'Local Network', '2026-05-13 12:02:39.610625', 'Mozilla/5.0 (Windows NT 10.0; Win64; x64) AppleWebKit/537.36 (KHTML, like Gecko) Chrome/148.0.0.0 Safari/537.36', 'DESKTOP', '2026-05-20 12:02:39.592106', '0:0:0:0:0:0:0:1', 'Local ISP', '2026-05-13 12:02:39.610625', '2026-05-13 12:02:39.610625', 0, 'Windows', NULL, 'sess_a7e4962d3f4043dc8f5d1a8771236fc9', 'SUSPICIOUS', true, 'Multiple sessions from same IP address in short time', NULL, NULL, 1);
INSERT INTO public.user_sessions (id, browser_name, browser_version, city, country, created_at, device_info, device_type, expires_at, ip_address, isp, last_activity, last_login_at, login_count, operating_system, refresh_token_id, session_token, status, is_suspicious, suspicious_reasons, terminated_at, termination_reason, user_id) VALUES (108, 'Chrome', '148.0.0.0', 'Local', 'Local Network', '2026-05-13 11:33:33.499528', 'Mozilla/5.0 (Windows NT 10.0; Win64; x64) AppleWebKit/537.36 (KHTML, like Gecko) Chrome/148.0.0.0 Safari/537.36', 'DESKTOP', '2026-05-20 11:33:33.478529', '0:0:0:0:0:0:0:1', 'Local ISP', '2026-05-13 11:33:33.499528', '2026-05-13 11:33:33.499528', 0, 'Windows', NULL, 'sess_7e1ddb0a69cf452a8d1647b22edbbc87', 'INACTIVE', false, NULL, NULL, NULL, 1);
INSERT INTO public.user_sessions (id, browser_name, browser_version, city, country, created_at, device_info, device_type, expires_at, ip_address, isp, last_activity, last_login_at, login_count, operating_system, refresh_token_id, session_token, status, is_suspicious, suspicious_reasons, terminated_at, termination_reason, user_id) VALUES (116, 'Chrome', '148.0.0.0', 'Local', 'Local Network', '2026-05-13 12:07:25.256346', 'Mozilla/5.0 (Windows NT 10.0; Win64; x64) AppleWebKit/537.36 (KHTML, like Gecko) Chrome/148.0.0.0 Safari/537.36', 'DESKTOP', '2026-05-20 12:07:25.128966', '0:0:0:0:0:0:0:1', 'Local ISP', '2026-05-13 12:07:25.256346', '2026-05-13 12:07:25.256346', 0, 'Windows', NULL, 'sess_979bf5806d2f4212be81728dd55d1b6b', 'SUSPICIOUS', true, 'Multiple sessions from same IP address in short time', NULL, NULL, 1);
INSERT INTO public.user_sessions (id, browser_name, browser_version, city, country, created_at, device_info, device_type, expires_at, ip_address, isp, last_activity, last_login_at, login_count, operating_system, refresh_token_id, session_token, status, is_suspicious, suspicious_reasons, terminated_at, termination_reason, user_id) VALUES (117, 'Chrome', '148.0.0.0', 'Local', 'Local Network', '2026-05-13 12:08:25.380219', 'Mozilla/5.0 (Windows NT 10.0; Win64; x64) AppleWebKit/537.36 (KHTML, like Gecko) Chrome/148.0.0.0 Safari/537.36', 'DESKTOP', '2026-05-20 12:08:25.242219', '0:0:0:0:0:0:0:1', 'Local ISP', '2026-05-13 12:08:25.380219', '2026-05-13 12:08:25.380219', 0, 'Windows', NULL, 'sess_83f7647038f24988aed1197a05750c50', 'SUSPICIOUS', true, 'Multiple sessions from same IP address in short time', NULL, NULL, 1);
INSERT INTO public.user_sessions (id, browser_name, browser_version, city, country, created_at, device_info, device_type, expires_at, ip_address, isp, last_activity, last_login_at, login_count, operating_system, refresh_token_id, session_token, status, is_suspicious, suspicious_reasons, terminated_at, termination_reason, user_id) VALUES (109, 'Chrome', '148.0.0.0', 'Local', 'Local Network', '2026-05-13 11:36:31.566522', 'Mozilla/5.0 (Windows NT 10.0; Win64; x64) AppleWebKit/537.36 (KHTML, like Gecko) Chrome/148.0.0.0 Safari/537.36', 'DESKTOP', '2026-05-20 11:36:31.424523', '0:0:0:0:0:0:0:1', 'Local ISP', '2026-05-13 11:36:31.566522', '2026-05-13 11:36:31.566522', 0, 'Windows', NULL, 'sess_9af850ab26b84fddac9077fab41a6c26', 'INACTIVE', false, NULL, NULL, NULL, 1);
INSERT INTO public.user_sessions (id, browser_name, browser_version, city, country, created_at, device_info, device_type, expires_at, ip_address, isp, last_activity, last_login_at, login_count, operating_system, refresh_token_id, session_token, status, is_suspicious, suspicious_reasons, terminated_at, termination_reason, user_id) VALUES (110, 'Chrome', '148.0.0.0', 'Local', 'Local Network', '2026-05-13 11:39:42.745767', 'Mozilla/5.0 (Windows NT 10.0; Win64; x64) AppleWebKit/537.36 (KHTML, like Gecko) Chrome/148.0.0.0 Safari/537.36', 'DESKTOP', '2026-05-20 11:39:42.62025', '0:0:0:0:0:0:0:1', 'Local ISP', '2026-05-13 11:39:42.745767', '2026-05-13 11:39:42.745767', 0, 'Windows', NULL, 'sess_8e4d415a61a241a3bafb9ed2aa56256f', 'INACTIVE', false, NULL, NULL, NULL, 1);
INSERT INTO public.user_sessions (id, browser_name, browser_version, city, country, created_at, device_info, device_type, expires_at, ip_address, isp, last_activity, last_login_at, login_count, operating_system, refresh_token_id, session_token, status, is_suspicious, suspicious_reasons, terminated_at, termination_reason, user_id) VALUES (111, 'Chrome', '148.0.0.0', 'Local', 'Local Network', '2026-05-13 11:46:31.232539', 'Mozilla/5.0 (Windows NT 10.0; Win64; x64) AppleWebKit/537.36 (KHTML, like Gecko) Chrome/148.0.0.0 Safari/537.36', 'DESKTOP', '2026-05-20 11:46:31.139537', '0:0:0:0:0:0:0:1', 'Local ISP', '2026-05-13 11:46:31.232539', '2026-05-13 11:46:31.232539', 0, 'Windows', NULL, 'sess_3b28955b3d5b4f69991a767ac4bc0543', 'INACTIVE', false, NULL, NULL, NULL, 1);
INSERT INTO public.user_sessions (id, browser_name, browser_version, city, country, created_at, device_info, device_type, expires_at, ip_address, isp, last_activity, last_login_at, login_count, operating_system, refresh_token_id, session_token, status, is_suspicious, suspicious_reasons, terminated_at, termination_reason, user_id) VALUES (118, 'Chrome', '148.0.0.0', 'Local', 'Local Network', '2026-05-13 12:23:02.015317', 'Mozilla/5.0 (Windows NT 10.0; Win64; x64) AppleWebKit/537.36 (KHTML, like Gecko) Chrome/148.0.0.0 Safari/537.36', 'DESKTOP', '2026-05-20 12:23:01.852386', '0:0:0:0:0:0:0:1', 'Local ISP', '2026-05-13 12:23:02.015317', '2026-05-13 12:23:02.015317', 0, 'Windows', NULL, 'sess_8d5afc2a32bd411fbe32db5925df24c3', 'SUSPICIOUS', true, 'Multiple sessions from same IP address in short time', NULL, NULL, 53);
INSERT INTO public.user_sessions (id, browser_name, browser_version, city, country, created_at, device_info, device_type, expires_at, ip_address, isp, last_activity, last_login_at, login_count, operating_system, refresh_token_id, session_token, status, is_suspicious, suspicious_reasons, terminated_at, termination_reason, user_id) VALUES (119, 'Chrome', '148.0.0.0', 'Local', 'Local Network', '2026-05-13 12:28:20.851411', 'Mozilla/5.0 (Windows NT 10.0; Win64; x64) AppleWebKit/537.36 (KHTML, like Gecko) Chrome/148.0.0.0 Safari/537.36', 'DESKTOP', '2026-05-20 12:28:20.349408', '0:0:0:0:0:0:0:1', 'Local ISP', '2026-05-13 12:28:20.851411', '2026-05-13 12:28:20.851411', 0, 'Windows', NULL, 'sess_c9eeb9d68bc948a69bffac7f83e2e84c', 'SUSPICIOUS', true, 'Multiple sessions from same IP address in short time', NULL, NULL, 1);
INSERT INTO public.user_sessions (id, browser_name, browser_version, city, country, created_at, device_info, device_type, expires_at, ip_address, isp, last_activity, last_login_at, login_count, operating_system, refresh_token_id, session_token, status, is_suspicious, suspicious_reasons, terminated_at, termination_reason, user_id) VALUES (120, 'Chrome', '148.0.0.0', 'Local', 'Local Network', '2026-05-13 12:28:37.247819', 'Mozilla/5.0 (Windows NT 10.0; Win64; x64) AppleWebKit/537.36 (KHTML, like Gecko) Chrome/148.0.0.0 Safari/537.36', 'DESKTOP', '2026-05-20 12:28:37.204911', '0:0:0:0:0:0:0:1', 'Local ISP', '2026-05-13 12:28:37.247819', '2026-05-13 12:28:37.247819', 0, 'Windows', NULL, 'sess_c544a3afd3b346fcaea5bbf6aeb74517', 'SUSPICIOUS', true, 'Multiple sessions from same IP address in short time', NULL, NULL, 53);
INSERT INTO public.user_sessions (id, browser_name, browser_version, city, country, created_at, device_info, device_type, expires_at, ip_address, isp, last_activity, last_login_at, login_count, operating_system, refresh_token_id, session_token, status, is_suspicious, suspicious_reasons, terminated_at, termination_reason, user_id) VALUES (121, 'Chrome', '148.0.0.0', 'Local', 'Local Network', '2026-05-13 13:11:24.663357', 'Mozilla/5.0 (Windows NT 10.0; Win64; x64) AppleWebKit/537.36 (KHTML, like Gecko) Chrome/148.0.0.0 Safari/537.36', 'DESKTOP', '2026-05-20 13:11:24.637356', '0:0:0:0:0:0:0:1', 'Local ISP', '2026-05-13 13:11:24.663357', '2026-05-13 13:11:24.663357', 0, 'Windows', NULL, 'sess_1b50db0fe6e94e299234b1434a7ae884', 'INACTIVE', false, NULL, NULL, NULL, 53);
INSERT INTO public.user_sessions (id, browser_name, browser_version, city, country, created_at, device_info, device_type, expires_at, ip_address, isp, last_activity, last_login_at, login_count, operating_system, refresh_token_id, session_token, status, is_suspicious, suspicious_reasons, terminated_at, termination_reason, user_id) VALUES (122, 'Chrome', '148.0.0.0', 'Local', 'Local Network', '2026-05-13 13:31:59.455208', 'Mozilla/5.0 (Windows NT 10.0; Win64; x64) AppleWebKit/537.36 (KHTML, like Gecko) Chrome/148.0.0.0 Safari/537.36', 'DESKTOP', '2026-05-20 13:31:59.437206', '0:0:0:0:0:0:0:1', 'Local ISP', '2026-05-13 13:31:59.455208', '2026-05-13 13:31:59.455208', 0, 'Windows', NULL, 'sess_b5871fb97c4c4bc2a448dc199bfd8c9f', 'INACTIVE', false, NULL, NULL, NULL, 1);
INSERT INTO public.user_sessions (id, browser_name, browser_version, city, country, created_at, device_info, device_type, expires_at, ip_address, isp, last_activity, last_login_at, login_count, operating_system, refresh_token_id, session_token, status, is_suspicious, suspicious_reasons, terminated_at, termination_reason, user_id) VALUES (123, 'Chrome', '148.0.0.0', 'Local', 'Local Network', '2026-05-13 13:49:45.016842', 'Mozilla/5.0 (Windows NT 10.0; Win64; x64) AppleWebKit/537.36 (KHTML, like Gecko) Chrome/148.0.0.0 Safari/537.36', 'DESKTOP', '2026-05-20 13:49:44.996325', '0:0:0:0:0:0:0:1', 'Local ISP', '2026-05-13 13:49:45.016842', '2026-05-13 13:49:45.016842', 0, 'Windows', NULL, 'sess_90f3e14194284a429677b433dd3e2f74', 'INACTIVE', false, NULL, NULL, NULL, 53);
INSERT INTO public.user_sessions (id, browser_name, browser_version, city, country, created_at, device_info, device_type, expires_at, ip_address, isp, last_activity, last_login_at, login_count, operating_system, refresh_token_id, session_token, status, is_suspicious, suspicious_reasons, terminated_at, termination_reason, user_id) VALUES (124, 'Chrome', '148.0.0.0', 'Local', 'Local Network', '2026-05-13 13:51:51.536554', 'Mozilla/5.0 (Windows NT 10.0; Win64; x64) AppleWebKit/537.36 (KHTML, like Gecko) Chrome/148.0.0.0 Safari/537.36', 'DESKTOP', '2026-05-20 13:51:51.514552', '0:0:0:0:0:0:0:1', 'Local ISP', '2026-05-13 13:51:51.536554', '2026-05-13 13:51:51.536554', 0, 'Windows', NULL, 'sess_1088041b6e5e438fbbdfad280b33242d', 'INACTIVE', false, NULL, NULL, NULL, 53);
INSERT INTO public.user_sessions (id, browser_name, browser_version, city, country, created_at, device_info, device_type, expires_at, ip_address, isp, last_activity, last_login_at, login_count, operating_system, refresh_token_id, session_token, status, is_suspicious, suspicious_reasons, terminated_at, termination_reason, user_id) VALUES (125, 'Chrome', '148.0.0.0', 'Local', 'Local Network', '2026-05-13 13:52:27.145682', 'Mozilla/5.0 (Windows NT 10.0; Win64; x64) AppleWebKit/537.36 (KHTML, like Gecko) Chrome/148.0.0.0 Safari/537.36', 'DESKTOP', '2026-05-20 13:52:27.138681', '0:0:0:0:0:0:0:1', 'Local ISP', '2026-05-13 13:52:27.145682', '2026-05-13 13:52:27.145682', 0, 'Windows', NULL, 'sess_6f507466b26b4dc6890b0418ceba8508', 'INACTIVE', false, NULL, NULL, NULL, 1);
INSERT INTO public.user_sessions (id, browser_name, browser_version, city, country, created_at, device_info, device_type, expires_at, ip_address, isp, last_activity, last_login_at, login_count, operating_system, refresh_token_id, session_token, status, is_suspicious, suspicious_reasons, terminated_at, termination_reason, user_id) VALUES (126, 'Chrome', '148.0.0.0', 'Local', 'Local Network', '2026-05-13 13:52:46.849564', 'Mozilla/5.0 (Windows NT 10.0; Win64; x64) AppleWebKit/537.36 (KHTML, like Gecko) Chrome/148.0.0.0 Safari/537.36', 'DESKTOP', '2026-05-20 13:52:46.671561', '0:0:0:0:0:0:0:1', 'Local ISP', '2026-05-13 13:52:46.849564', '2026-05-13 13:52:46.849564', 0, 'Windows', NULL, 'sess_73819c8878de435e96b9a5519d708a47', 'INACTIVE', false, NULL, NULL, NULL, 53);
INSERT INTO public.user_sessions (id, browser_name, browser_version, city, country, created_at, device_info, device_type, expires_at, ip_address, isp, last_activity, last_login_at, login_count, operating_system, refresh_token_id, session_token, status, is_suspicious, suspicious_reasons, terminated_at, termination_reason, user_id) VALUES (127, 'Chrome', '148.0.0.0', 'Local', 'Local Network', '2026-05-13 14:32:06.182672', 'Mozilla/5.0 (Windows NT 10.0; Win64; x64) AppleWebKit/537.36 (KHTML, like Gecko) Chrome/148.0.0.0 Safari/537.36', 'DESKTOP', '2026-05-20 14:32:06.137673', '0:0:0:0:0:0:0:1', 'Local ISP', '2026-05-13 14:32:06.182672', '2026-05-13 14:32:06.182672', 0, 'Windows', NULL, 'sess_1d53b4a1c60c4c7f82e4a6d90647a7cc', 'INACTIVE', false, NULL, NULL, NULL, 1);
INSERT INTO public.user_sessions (id, browser_name, browser_version, city, country, created_at, device_info, device_type, expires_at, ip_address, isp, last_activity, last_login_at, login_count, operating_system, refresh_token_id, session_token, status, is_suspicious, suspicious_reasons, terminated_at, termination_reason, user_id) VALUES (128, 'Chrome', '148.0.0.0', 'Local', 'Local Network', '2026-05-13 14:32:21.280011', 'Mozilla/5.0 (Windows NT 10.0; Win64; x64) AppleWebKit/537.36 (KHTML, like Gecko) Chrome/148.0.0.0 Safari/537.36', 'DESKTOP', '2026-05-20 14:32:21.263009', '0:0:0:0:0:0:0:1', 'Local ISP', '2026-05-13 14:32:21.280011', '2026-05-13 14:32:21.280011', 0, 'Windows', NULL, 'sess_a4dcc901581c4d37b5925c29723588fd', 'INACTIVE', false, NULL, NULL, NULL, 53);
INSERT INTO public.user_sessions (id, browser_name, browser_version, city, country, created_at, device_info, device_type, expires_at, ip_address, isp, last_activity, last_login_at, login_count, operating_system, refresh_token_id, session_token, status, is_suspicious, suspicious_reasons, terminated_at, termination_reason, user_id) VALUES (129, 'Chrome', '148.0.0.0', 'Local', 'Local Network', '2026-05-13 15:07:05.320061', 'Mozilla/5.0 (Windows NT 10.0; Win64; x64) AppleWebKit/537.36 (KHTML, like Gecko) Chrome/148.0.0.0 Safari/537.36', 'DESKTOP', '2026-05-20 15:07:05.292062', '0:0:0:0:0:0:0:1', 'Local ISP', '2026-05-13 15:07:05.320061', '2026-05-13 15:07:05.320061', 0, 'Windows', NULL, 'sess_36af7059cd1b46f7ac05ee6d9800db58', 'INACTIVE', false, NULL, NULL, NULL, 53);
INSERT INTO public.user_sessions (id, browser_name, browser_version, city, country, created_at, device_info, device_type, expires_at, ip_address, isp, last_activity, last_login_at, login_count, operating_system, refresh_token_id, session_token, status, is_suspicious, suspicious_reasons, terminated_at, termination_reason, user_id) VALUES (130, 'Chrome', '148.0.0.0', 'Local', 'Local Network', '2026-05-13 15:13:28.965217', 'Mozilla/5.0 (Windows NT 10.0; Win64; x64) AppleWebKit/537.36 (KHTML, like Gecko) Chrome/148.0.0.0 Safari/537.36', 'DESKTOP', '2026-05-20 15:13:28.925219', '0:0:0:0:0:0:0:1', 'Local ISP', '2026-05-13 15:13:28.965217', '2026-05-13 15:13:28.965217', 0, 'Windows', NULL, 'sess_7a1a6e8108bf4f78876a780597530ced', 'INACTIVE', false, NULL, NULL, NULL, 53);
INSERT INTO public.user_sessions (id, browser_name, browser_version, city, country, created_at, device_info, device_type, expires_at, ip_address, isp, last_activity, last_login_at, login_count, operating_system, refresh_token_id, session_token, status, is_suspicious, suspicious_reasons, terminated_at, termination_reason, user_id) VALUES (137, 'Chrome', '148.0.0.0', 'Local', 'Local Network', '2026-05-13 15:49:20.720266', 'Mozilla/5.0 (Windows NT 10.0; Win64; x64) AppleWebKit/537.36 (KHTML, like Gecko) Chrome/148.0.0.0 Safari/537.36', 'DESKTOP', '2026-05-20 15:49:20.705268', '0:0:0:0:0:0:0:1', 'Local ISP', '2026-05-13 15:49:20.720266', '2026-05-13 15:49:20.720266', 0, 'Windows', NULL, 'sess_75335ada3aa14bc7aad62afb6cc9b409', 'ACTIVE', false, NULL, NULL, NULL, 53);
INSERT INTO public.user_sessions (id, browser_name, browser_version, city, country, created_at, device_info, device_type, expires_at, ip_address, isp, last_activity, last_login_at, login_count, operating_system, refresh_token_id, session_token, status, is_suspicious, suspicious_reasons, terminated_at, termination_reason, user_id) VALUES (131, 'Chrome', '148.0.0.0', 'Local', 'Local Network', '2026-05-13 15:18:54.415447', 'Mozilla/5.0 (Windows NT 10.0; Win64; x64) AppleWebKit/537.36 (KHTML, like Gecko) Chrome/148.0.0.0 Safari/537.36', 'DESKTOP', '2026-05-20 15:18:54.400449', '0:0:0:0:0:0:0:1', 'Local ISP', '2026-05-13 15:18:54.415447', '2026-05-13 15:18:54.415447', 0, 'Windows', NULL, 'sess_6c816dd0804c4f6ea58b944d7452cc27', 'INACTIVE', false, NULL, NULL, NULL, 1);
INSERT INTO public.user_sessions (id, browser_name, browser_version, city, country, created_at, device_info, device_type, expires_at, ip_address, isp, last_activity, last_login_at, login_count, operating_system, refresh_token_id, session_token, status, is_suspicious, suspicious_reasons, terminated_at, termination_reason, user_id) VALUES (132, 'Chrome', '148.0.0.0', 'Local', 'Local Network', '2026-05-13 15:19:41.377333', 'Mozilla/5.0 (Windows NT 10.0; Win64; x64) AppleWebKit/537.36 (KHTML, like Gecko) Chrome/148.0.0.0 Safari/537.36', 'DESKTOP', '2026-05-20 15:19:41.364333', '0:0:0:0:0:0:0:1', 'Local ISP', '2026-05-13 15:19:41.377333', '2026-05-13 15:19:41.377333', 0, 'Windows', NULL, 'sess_de061e60996f43f79c75e7fd89c59664', 'INACTIVE', false, NULL, NULL, NULL, 1);
INSERT INTO public.user_sessions (id, browser_name, browser_version, city, country, created_at, device_info, device_type, expires_at, ip_address, isp, last_activity, last_login_at, login_count, operating_system, refresh_token_id, session_token, status, is_suspicious, suspicious_reasons, terminated_at, termination_reason, user_id) VALUES (133, 'Chrome', '148.0.0.0', 'Local', 'Local Network', '2026-05-13 15:20:16.911242', 'Mozilla/5.0 (Windows NT 10.0; Win64; x64) AppleWebKit/537.36 (KHTML, like Gecko) Chrome/148.0.0.0 Safari/537.36', 'DESKTOP', '2026-05-20 15:20:16.90024', '0:0:0:0:0:0:0:1', 'Local ISP', '2026-05-13 15:20:16.911242', '2026-05-13 15:20:16.911242', 0, 'Windows', NULL, 'sess_74b1886897a5417686c1c56c2c27dfa9', 'INACTIVE', false, NULL, NULL, NULL, 1);
INSERT INTO public.user_sessions (id, browser_name, browser_version, city, country, created_at, device_info, device_type, expires_at, ip_address, isp, last_activity, last_login_at, login_count, operating_system, refresh_token_id, session_token, status, is_suspicious, suspicious_reasons, terminated_at, termination_reason, user_id) VALUES (134, 'Chrome', '148.0.0.0', 'Local', 'Local Network', '2026-05-13 15:20:22.960015', 'Mozilla/5.0 (Windows NT 10.0; Win64; x64) AppleWebKit/537.36 (KHTML, like Gecko) Chrome/148.0.0.0 Safari/537.36', 'DESKTOP', '2026-05-20 15:20:22.942016', '0:0:0:0:0:0:0:1', 'Local ISP', '2026-05-13 15:20:22.960015', '2026-05-13 15:20:22.960015', 0, 'Windows', NULL, 'sess_a5c0dd0e75b14878b9ac1e2eb8ec0b07', 'INACTIVE', false, NULL, NULL, NULL, 53);
INSERT INTO public.user_sessions (id, browser_name, browser_version, city, country, created_at, device_info, device_type, expires_at, ip_address, isp, last_activity, last_login_at, login_count, operating_system, refresh_token_id, session_token, status, is_suspicious, suspicious_reasons, terminated_at, termination_reason, user_id) VALUES (135, 'Chrome', '148.0.0.0', 'Local', 'Local Network', '2026-05-13 15:28:26.823572', 'Mozilla/5.0 (Windows NT 10.0; Win64; x64) AppleWebKit/537.36 (KHTML, like Gecko) Chrome/148.0.0.0 Safari/537.36', 'DESKTOP', '2026-05-20 15:28:26.729504', '0:0:0:0:0:0:0:1', 'Local ISP', '2026-05-13 15:28:26.823572', '2026-05-13 15:28:26.823572', 0, 'Windows', NULL, 'sess_39d83265e8d84d5e8023cfa4a92707c9', 'INACTIVE', false, NULL, NULL, NULL, 53);
INSERT INTO public.user_sessions (id, browser_name, browser_version, city, country, created_at, device_info, device_type, expires_at, ip_address, isp, last_activity, last_login_at, login_count, operating_system, refresh_token_id, session_token, status, is_suspicious, suspicious_reasons, terminated_at, termination_reason, user_id) VALUES (136, 'Chrome', '148.0.0.0', 'Local', 'Local Network', '2026-05-13 15:33:31.178021', 'Mozilla/5.0 (Windows NT 10.0; Win64; x64) AppleWebKit/537.36 (KHTML, like Gecko) Chrome/148.0.0.0 Safari/537.36', 'DESKTOP', '2026-05-20 15:33:31.114022', '0:0:0:0:0:0:0:1', 'Local ISP', '2026-05-13 15:33:31.178021', '2026-05-13 15:33:31.178021', 0, 'Windows', NULL, 'sess_8fa570144c7a4502ba4ee49d1ab86a8f', 'INACTIVE', false, NULL, NULL, NULL, 53);


--
-- Name: activation_tokens_id_seq; Type: SEQUENCE SET; Schema: public; Owner: postgres
--

SELECT pg_catalog.setval('public.activation_tokens_id_seq', 9, true);


--
-- Name: application_documents_id_seq; Type: SEQUENCE SET; Schema: public; Owner: postgres
--

SELECT pg_catalog.setval('public.application_documents_id_seq', 8, true);


--
-- Name: application_status_history_id_seq; Type: SEQUENCE SET; Schema: public; Owner: postgres
--

SELECT pg_catalog.setval('public.application_status_history_id_seq', 21, true);


--
-- Name: interview_schedules_id_seq; Type: SEQUENCE SET; Schema: public; Owner: postgres
--

SELECT pg_catalog.setval('public.interview_schedules_id_seq', 2, true);


--
-- Name: refresh_tokens_id_seq; Type: SEQUENCE SET; Schema: public; Owner: postgres
--

SELECT pg_catalog.setval('public.refresh_tokens_id_seq', 15, true);


--
-- Name: student_analytics_id_seq; Type: SEQUENCE SET; Schema: public; Owner: postgres
--

SELECT pg_catalog.setval('public.student_analytics_id_seq', 34, true);


--
-- Name: tutor_applications_id_seq; Type: SEQUENCE SET; Schema: public; Owner: postgres
--

SELECT pg_catalog.setval('public.tutor_applications_id_seq', 2, true);


--
-- Name: user_sessions_id_seq; Type: SEQUENCE SET; Schema: public; Owner: postgres
--

SELECT pg_catalog.setval('public.user_sessions_id_seq', 137, true);


--
-- Name: users_id_seq; Type: SEQUENCE SET; Schema: public; Owner: postgres
--

SELECT pg_catalog.setval('public.users_id_seq', 72, true);


--
-- PostgreSQL database dump complete
--

\unrestrict dMhOJYzuwvEtyW5CGc6bAxgIQD1DiCoHTjSp1k0PAGhKOiWDZReMbzcMbSgWg9n

